ISO-10303-21;
HEADER;
FILE_DESCRIPTION(('Open CASCADE Model'),'2;1');
FILE_NAME('Open CASCADE Shape Model','2026-09-23T21:00:47',('Author'),(
    'Open CASCADE'),'Open CASCADE STEP processor 7.9','Open CASCADE 7.9'
  ,'Unknown');
FILE_SCHEMA(('AUTOMOTIVE_DESIGN { 1 0 10303 214 1 1 1 1 }'));
ENDSEC;
DATA;
#1 = APPLICATION_PROTOCOL_DEFINITION('international standard',
  'automotive_design',2000,#2);
#2 = APPLICATION_CONTEXT(
  'core data for automotive mechanical design processes');
#3 = SHAPE_DEFINITION_REPRESENTATION(#4,#10);
#4 = PRODUCT_DEFINITION_SHAPE('','',#5);
#5 = PRODUCT_DEFINITION('design','',#6,#9);
#6 = PRODUCT_DEFINITION_FORMATION('','',#7);
#7 = PRODUCT('Hand Crank Print Plate','Hand Crank Print Plate','',(#8));
#8 = PRODUCT_CONTEXT('',#2,'mechanical');
#9 = PRODUCT_DEFINITION_CONTEXT('part definition',#2,'design');
#10 = SHAPE_REPRESENTATION('',(#11,#15,#19,#23,#27,#31),#35);
#11 = AXIS2_PLACEMENT_3D('',#12,#13,#14);
#12 = CARTESIAN_POINT('',(0.,0.,0.));
#13 = DIRECTION('',(0.,0.,1.));
#14 = DIRECTION('',(1.,0.,-0.));
#15 = AXIS2_PLACEMENT_3D('',#16,#17,#18);
#16 = CARTESIAN_POINT('',(0.,0.,0.));
#17 = DIRECTION('',(0.,0.,1.));
#18 = DIRECTION('',(1.,0.,-0.));
#19 = AXIS2_PLACEMENT_3D('',#20,#21,#22);
#20 = CARTESIAN_POINT('',(-35.,10.,0.));
#21 = DIRECTION('',(0.,0.,1.));
#22 = DIRECTION('',(1.,0.,-0.));
#23 = AXIS2_PLACEMENT_3D('',#24,#25,#26);
#24 = CARTESIAN_POINT('',(12.,25.,0.));
#25 = DIRECTION('',(0.,0.,1.));
#26 = DIRECTION('',(1.,0.,-0.));
#27 = AXIS2_PLACEMENT_3D('',#28,#29,#30);
#28 = CARTESIAN_POINT('',(20.,-10.,0.));
#29 = DIRECTION('',(0.,0.,1.));
#30 = DIRECTION('',(1.,0.,-0.));
#31 = AXIS2_PLACEMENT_3D('',#32,#33,#34);
#32 = CARTESIAN_POINT('',(-35.,-30.,0.));
#33 = DIRECTION('',(0.,0.,1.));
#34 = DIRECTION('',(1.,0.,-0.));
#35 = ( GEOMETRIC_REPRESENTATION_CONTEXT(3) 
GLOBAL_UNCERTAINTY_ASSIGNED_CONTEXT((#39)) GLOBAL_UNIT_ASSIGNED_CONTEXT(
(#36,#37,#38)) REPRESENTATION_CONTEXT('Context #1',
  '3D Context with UNIT and UNCERTAINTY') );
#36 = ( LENGTH_UNIT() NAMED_UNIT(*) SI_UNIT(.MILLI.,.METRE.) );
#37 = ( NAMED_UNIT(*) PLANE_ANGLE_UNIT() SI_UNIT($,.RADIAN.) );
#38 = ( NAMED_UNIT(*) SI_UNIT($,.STERADIAN.) SOLID_ANGLE_UNIT() );
#39 = UNCERTAINTY_MEASURE_WITH_UNIT(LENGTH_MEASURE(1.E-07),#36,
  'distance_accuracy_value','confusion accuracy');
#40 = PRODUCT_RELATED_PRODUCT_CATEGORY('part',$,(#7));
#41 = SHAPE_DEFINITION_REPRESENTATION(#42,#48);
#42 = PRODUCT_DEFINITION_SHAPE('','',#43);
#43 = PRODUCT_DEFINITION('design','',#44,#47);
#44 = PRODUCT_DEFINITION_FORMATION('','',#45);
#45 = PRODUCT('Bed','Bed','',(#46));
#46 = PRODUCT_CONTEXT('',#2,'mechanical');
#47 = PRODUCT_DEFINITION_CONTEXT('part definition',#2,'design');
#48 = ADVANCED_BREP_SHAPE_REPRESENTATION('',(#11,#49),#379);
#49 = MANIFOLD_SOLID_BREP('',#50);
#50 = CLOSED_SHELL('',(#51,#171,#271,#318,#365,#372));
#51 = ADVANCED_FACE('',(#52),#66,.F.);
#52 = FACE_BOUND('',#53,.F.);
#53 = EDGE_LOOP('',(#54,#89,#117,#145));
#54 = ORIENTED_EDGE('',*,*,#55,.F.);
#55 = EDGE_CURVE('',#56,#58,#60,.T.);
#56 = VERTEX_POINT('',#57);
#57 = CARTESIAN_POINT('',(-70.,-45.,-2.));
#58 = VERTEX_POINT('',#59);
#59 = CARTESIAN_POINT('',(-70.,-45.,0.));
#60 = SURFACE_CURVE('',#61,(#65,#77),.PCURVE_S1.);
#61 = LINE('',#62,#63);
#62 = CARTESIAN_POINT('',(-70.,-45.,-2.));
#63 = VECTOR('',#64,1.);
#64 = DIRECTION('',(0.,0.,1.));
#65 = PCURVE('',#66,#71);
#66 = PLANE('',#67);
#67 = AXIS2_PLACEMENT_3D('',#68,#69,#70);
#68 = CARTESIAN_POINT('',(-70.,-45.,-2.));
#69 = DIRECTION('',(1.,0.,0.));
#70 = DIRECTION('',(0.,0.,1.));
#71 = DEFINITIONAL_REPRESENTATION('',(#72),#76);
#72 = LINE('',#73,#74);
#73 = CARTESIAN_POINT('',(0.,0.));
#74 = VECTOR('',#75,1.);
#75 = DIRECTION('',(1.,0.));
#76 = ( GEOMETRIC_REPRESENTATION_CONTEXT(2) 
PARAMETRIC_REPRESENTATION_CONTEXT() REPRESENTATION_CONTEXT('2D SPACE',''
  ) );
#77 = PCURVE('',#78,#83);
#78 = PLANE('',#79);
#79 = AXIS2_PLACEMENT_3D('',#80,#81,#82);
#80 = CARTESIAN_POINT('',(-70.,-45.,-2.));
#81 = DIRECTION('',(0.,1.,0.));
#82 = DIRECTION('',(0.,0.,1.));
#83 = DEFINITIONAL_REPRESENTATION('',(#84),#88);
#84 = LINE('',#85,#86);
#85 = CARTESIAN_POINT('',(0.,0.));
#86 = VECTOR('',#87,1.);
#87 = DIRECTION('',(1.,0.));
#88 = ( GEOMETRIC_REPRESENTATION_CONTEXT(2) 
PARAMETRIC_REPRESENTATION_CONTEXT() REPRESENTATION_CONTEXT('2D SPACE',''
  ) );
#89 = ORIENTED_EDGE('',*,*,#90,.T.);
#90 = EDGE_CURVE('',#56,#91,#93,.T.);
#91 = VERTEX_POINT('',#92);
#92 = CARTESIAN_POINT('',(-70.,45.,-2.));
#93 = SURFACE_CURVE('',#94,(#98,#105),.PCURVE_S1.);
#94 = LINE('',#95,#96);
#95 = CARTESIAN_POINT('',(-70.,-45.,-2.));
#96 = VECTOR('',#97,1.);
#97 = DIRECTION('',(0.,1.,0.));
#98 = PCURVE('',#66,#99);
#99 = DEFINITIONAL_REPRESENTATION('',(#100),#104);
#100 = LINE('',#101,#102);
#101 = CARTESIAN_POINT('',(0.,0.));
#102 = VECTOR('',#103,1.);
#103 = DIRECTION('',(0.,-1.));
#104 = ( GEOMETRIC_REPRESENTATION_CONTEXT(2) 
PARAMETRIC_REPRESENTATION_CONTEXT() REPRESENTATION_CONTEXT('2D SPACE',''
  ) );
#105 = PCURVE('',#106,#111);
#106 = PLANE('',#107);
#107 = AXIS2_PLACEMENT_3D('',#108,#109,#110);
#108 = CARTESIAN_POINT('',(-70.,-45.,-2.));
#109 = DIRECTION('',(0.,0.,1.));
#110 = DIRECTION('',(1.,0.,0.));
#111 = DEFINITIONAL_REPRESENTATION('',(#112),#116);
#112 = LINE('',#113,#114);
#113 = CARTESIAN_POINT('',(0.,0.));
#114 = VECTOR('',#115,1.);
#115 = DIRECTION('',(0.,1.));
#116 = ( GEOMETRIC_REPRESENTATION_CONTEXT(2) 
PARAMETRIC_REPRESENTATION_CONTEXT() REPRESENTATION_CONTEXT('2D SPACE',''
  ) );
#117 = ORIENTED_EDGE('',*,*,#118,.T.);
#118 = EDGE_CURVE('',#91,#119,#121,.T.);
#119 = VERTEX_POINT('',#120);
#120 = CARTESIAN_POINT('',(-70.,45.,0.));
#121 = SURFACE_CURVE('',#122,(#126,#133),.PCURVE_S1.);
#122 = LINE('',#123,#124);
#123 = CARTESIAN_POINT('',(-70.,45.,-2.));
#124 = VECTOR('',#125,1.);
#125 = DIRECTION('',(0.,0.,1.));
#126 = PCURVE('',#66,#127);
#127 = DEFINITIONAL_REPRESENTATION('',(#128),#132);
#128 = LINE('',#129,#130);
#129 = CARTESIAN_POINT('',(0.,-90.));
#130 = VECTOR('',#131,1.);
#131 = DIRECTION('',(1.,0.));
#132 = ( GEOMETRIC_REPRESENTATION_CONTEXT(2) 
PARAMETRIC_REPRESENTATION_CONTEXT() REPRESENTATION_CONTEXT('2D SPACE',''
  ) );
#133 = PCURVE('',#134,#139);
#134 = PLANE('',#135);
#135 = AXIS2_PLACEMENT_3D('',#136,#137,#138);
#136 = CARTESIAN_POINT('',(-70.,45.,-2.));
#137 = DIRECTION('',(0.,1.,0.));
#138 = DIRECTION('',(0.,0.,1.));
#139 = DEFINITIONAL_REPRESENTATION('',(#140),#144);
#140 = LINE('',#141,#142);
#141 = CARTESIAN_POINT('',(0.,0.));
#142 = VECTOR('',#143,1.);
#143 = DIRECTION('',(1.,0.));
#144 = ( GEOMETRIC_REPRESENTATION_CONTEXT(2) 
PARAMETRIC_REPRESENTATION_CONTEXT() REPRESENTATION_CONTEXT('2D SPACE',''
  ) );
#145 = ORIENTED_EDGE('',*,*,#146,.F.);
#146 = EDGE_CURVE('',#58,#119,#147,.T.);
#147 = SURFACE_CURVE('',#148,(#152,#159),.PCURVE_S1.);
#148 = LINE('',#149,#150);
#149 = CARTESIAN_POINT('',(-70.,-45.,0.));
#150 = VECTOR('',#151,1.);
#151 = DIRECTION('',(0.,1.,0.));
#152 = PCURVE('',#66,#153);
#153 = DEFINITIONAL_REPRESENTATION('',(#154),#158);
#154 = LINE('',#155,#156);
#155 = CARTESIAN_POINT('',(2.,0.));
#156 = VECTOR('',#157,1.);
#157 = DIRECTION('',(0.,-1.));
#158 = ( GEOMETRIC_REPRESENTATION_CONTEXT(2) 
PARAMETRIC_REPRESENTATION_CONTEXT() REPRESENTATION_CONTEXT('2D SPACE',''
  ) );
#159 = PCURVE('',#160,#165);
#160 = PLANE('',#161);
#161 = AXIS2_PLACEMENT_3D('',#162,#163,#164);
#162 = CARTESIAN_POINT('',(-70.,-45.,0.));
#163 = DIRECTION('',(0.,0.,1.));
#164 = DIRECTION('',(1.,0.,0.));
#165 = DEFINITIONAL_REPRESENTATION('',(#166),#170);
#166 = LINE('',#167,#168);
#167 = CARTESIAN_POINT('',(0.,0.));
#168 = VECTOR('',#169,1.);
#169 = DIRECTION('',(0.,1.));
#170 = ( GEOMETRIC_REPRESENTATION_CONTEXT(2) 
PARAMETRIC_REPRESENTATION_CONTEXT() REPRESENTATION_CONTEXT('2D SPACE',''
  ) );
#171 = ADVANCED_FACE('',(#172),#186,.T.);
#172 = FACE_BOUND('',#173,.T.);
#173 = EDGE_LOOP('',(#174,#204,#227,#250));
#174 = ORIENTED_EDGE('',*,*,#175,.F.);
#175 = EDGE_CURVE('',#176,#178,#180,.T.);
#176 = VERTEX_POINT('',#177);
#177 = CARTESIAN_POINT('',(70.,-45.,-2.));
#178 = VERTEX_POINT('',#179);
#179 = CARTESIAN_POINT('',(70.,-45.,0.));
#180 = SURFACE_CURVE('',#181,(#185,#197),.PCURVE_S1.);
#181 = LINE('',#182,#183);
#182 = CARTESIAN_POINT('',(70.,-45.,-2.));
#183 = VECTOR('',#184,1.);
#184 = DIRECTION('',(0.,0.,1.));
#185 = PCURVE('',#186,#191);
#186 = PLANE('',#187);
#187 = AXIS2_PLACEMENT_3D('',#188,#189,#190);
#188 = CARTESIAN_POINT('',(70.,-45.,-2.));
#189 = DIRECTION('',(1.,0.,0.));
#190 = DIRECTION('',(0.,0.,1.));
#191 = DEFINITIONAL_REPRESENTATION('',(#192),#196);
#192 = LINE('',#193,#194);
#193 = CARTESIAN_POINT('',(0.,0.));
#194 = VECTOR('',#195,1.);
#195 = DIRECTION('',(1.,0.));
#196 = ( GEOMETRIC_REPRESENTATION_CONTEXT(2) 
PARAMETRIC_REPRESENTATION_CONTEXT() REPRESENTATION_CONTEXT('2D SPACE',''
  ) );
#197 = PCURVE('',#78,#198);
#198 = DEFINITIONAL_REPRESENTATION('',(#199),#203);
#199 = LINE('',#200,#201);
#200 = CARTESIAN_POINT('',(0.,140.));
#201 = VECTOR('',#202,1.);
#202 = DIRECTION('',(1.,0.));
#203 = ( GEOMETRIC_REPRESENTATION_CONTEXT(2) 
PARAMETRIC_REPRESENTATION_CONTEXT() REPRESENTATION_CONTEXT('2D SPACE',''
  ) );
#204 = ORIENTED_EDGE('',*,*,#205,.T.);
#205 = EDGE_CURVE('',#176,#206,#208,.T.);
#206 = VERTEX_POINT('',#207);
#207 = CARTESIAN_POINT('',(70.,45.,-2.));
#208 = SURFACE_CURVE('',#209,(#213,#220),.PCURVE_S1.);
#209 = LINE('',#210,#211);
#210 = CARTESIAN_POINT('',(70.,-45.,-2.));
#211 = VECTOR('',#212,1.);
#212 = DIRECTION('',(0.,1.,0.));
#213 = PCURVE('',#186,#214);
#214 = DEFINITIONAL_REPRESENTATION('',(#215),#219);
#215 = LINE('',#216,#217);
#216 = CARTESIAN_POINT('',(0.,0.));
#217 = VECTOR('',#218,1.);
#218 = DIRECTION('',(0.,-1.));
#219 = ( GEOMETRIC_REPRESENTATION_CONTEXT(2) 
PARAMETRIC_REPRESENTATION_CONTEXT() REPRESENTATION_CONTEXT('2D SPACE',''
  ) );
#220 = PCURVE('',#106,#221);
#221 = DEFINITIONAL_REPRESENTATION('',(#222),#226);
#222 = LINE('',#223,#224);
#223 = CARTESIAN_POINT('',(140.,0.));
#224 = VECTOR('',#225,1.);
#225 = DIRECTION('',(0.,1.));
#226 = ( GEOMETRIC_REPRESENTATION_CONTEXT(2) 
PARAMETRIC_REPRESENTATION_CONTEXT() REPRESENTATION_CONTEXT('2D SPACE',''
  ) );
#227 = ORIENTED_EDGE('',*,*,#228,.T.);
#228 = EDGE_CURVE('',#206,#229,#231,.T.);
#229 = VERTEX_POINT('',#230);
#230 = CARTESIAN_POINT('',(70.,45.,0.));
#231 = SURFACE_CURVE('',#232,(#236,#243),.PCURVE_S1.);
#232 = LINE('',#233,#234);
#233 = CARTESIAN_POINT('',(70.,45.,-2.));
#234 = VECTOR('',#235,1.);
#235 = DIRECTION('',(0.,0.,1.));
#236 = PCURVE('',#186,#237);
#237 = DEFINITIONAL_REPRESENTATION('',(#238),#242);
#238 = LINE('',#239,#240);
#239 = CARTESIAN_POINT('',(0.,-90.));
#240 = VECTOR('',#241,1.);
#241 = DIRECTION('',(1.,0.));
#242 = ( GEOMETRIC_REPRESENTATION_CONTEXT(2) 
PARAMETRIC_REPRESENTATION_CONTEXT() REPRESENTATION_CONTEXT('2D SPACE',''
  ) );
#243 = PCURVE('',#134,#244);
#244 = DEFINITIONAL_REPRESENTATION('',(#245),#249);
#245 = LINE('',#246,#247);
#246 = CARTESIAN_POINT('',(0.,140.));
#247 = VECTOR('',#248,1.);
#248 = DIRECTION('',(1.,0.));
#249 = ( GEOMETRIC_REPRESENTATION_CONTEXT(2) 
PARAMETRIC_REPRESENTATION_CONTEXT() REPRESENTATION_CONTEXT('2D SPACE',''
  ) );
#250 = ORIENTED_EDGE('',*,*,#251,.F.);
#251 = EDGE_CURVE('',#178,#229,#252,.T.);
#252 = SURFACE_CURVE('',#253,(#257,#264),.PCURVE_S1.);
#253 = LINE('',#254,#255);
#254 = CARTESIAN_POINT('',(70.,-45.,0.));
#255 = VECTOR('',#256,1.);
#256 = DIRECTION('',(0.,1.,0.));
#257 = PCURVE('',#186,#258);
#258 = DEFINITIONAL_REPRESENTATION('',(#259),#263);
#259 = LINE('',#260,#261);
#260 = CARTESIAN_POINT('',(2.,0.));
#261 = VECTOR('',#262,1.);
#262 = DIRECTION('',(0.,-1.));
#263 = ( GEOMETRIC_REPRESENTATION_CONTEXT(2) 
PARAMETRIC_REPRESENTATION_CONTEXT() REPRESENTATION_CONTEXT('2D SPACE',''
  ) );
#264 = PCURVE('',#160,#265);
#265 = DEFINITIONAL_REPRESENTATION('',(#266),#270);
#266 = LINE('',#267,#268);
#267 = CARTESIAN_POINT('',(140.,0.));
#268 = VECTOR('',#269,1.);
#269 = DIRECTION('',(0.,1.));
#270 = ( GEOMETRIC_REPRESENTATION_CONTEXT(2) 
PARAMETRIC_REPRESENTATION_CONTEXT() REPRESENTATION_CONTEXT('2D SPACE',''
  ) );
#271 = ADVANCED_FACE('',(#272),#78,.F.);
#272 = FACE_BOUND('',#273,.F.);
#273 = EDGE_LOOP('',(#274,#295,#296,#317));
#274 = ORIENTED_EDGE('',*,*,#275,.F.);
#275 = EDGE_CURVE('',#56,#176,#276,.T.);
#276 = SURFACE_CURVE('',#277,(#281,#288),.PCURVE_S1.);
#277 = LINE('',#278,#279);
#278 = CARTESIAN_POINT('',(-70.,-45.,-2.));
#279 = VECTOR('',#280,1.);
#280 = DIRECTION('',(1.,0.,0.));
#281 = PCURVE('',#78,#282);
#282 = DEFINITIONAL_REPRESENTATION('',(#283),#287);
#283 = LINE('',#284,#285);
#284 = CARTESIAN_POINT('',(0.,0.));
#285 = VECTOR('',#286,1.);
#286 = DIRECTION('',(0.,1.));
#287 = ( GEOMETRIC_REPRESENTATION_CONTEXT(2) 
PARAMETRIC_REPRESENTATION_CONTEXT() REPRESENTATION_CONTEXT('2D SPACE',''
  ) );
#288 = PCURVE('',#106,#289);
#289 = DEFINITIONAL_REPRESENTATION('',(#290),#294);
#290 = LINE('',#291,#292);
#291 = CARTESIAN_POINT('',(0.,0.));
#292 = VECTOR('',#293,1.);
#293 = DIRECTION('',(1.,0.));
#294 = ( GEOMETRIC_REPRESENTATION_CONTEXT(2) 
PARAMETRIC_REPRESENTATION_CONTEXT() REPRESENTATION_CONTEXT('2D SPACE',''
  ) );
#295 = ORIENTED_EDGE('',*,*,#55,.T.);
#296 = ORIENTED_EDGE('',*,*,#297,.T.);
#297 = EDGE_CURVE('',#58,#178,#298,.T.);
#298 = SURFACE_CURVE('',#299,(#303,#310),.PCURVE_S1.);
#299 = LINE('',#300,#301);
#300 = CARTESIAN_POINT('',(-70.,-45.,0.));
#301 = VECTOR('',#302,1.);
#302 = DIRECTION('',(1.,0.,0.));
#303 = PCURVE('',#78,#304);
#304 = DEFINITIONAL_REPRESENTATION('',(#305),#309);
#305 = LINE('',#306,#307);
#306 = CARTESIAN_POINT('',(2.,0.));
#307 = VECTOR('',#308,1.);
#308 = DIRECTION('',(0.,1.));
#309 = ( GEOMETRIC_REPRESENTATION_CONTEXT(2) 
PARAMETRIC_REPRESENTATION_CONTEXT() REPRESENTATION_CONTEXT('2D SPACE',''
  ) );
#310 = PCURVE('',#160,#311);
#311 = DEFINITIONAL_REPRESENTATION('',(#312),#316);
#312 = LINE('',#313,#314);
#313 = CARTESIAN_POINT('',(0.,0.));
#314 = VECTOR('',#315,1.);
#315 = DIRECTION('',(1.,0.));
#316 = ( GEOMETRIC_REPRESENTATION_CONTEXT(2) 
PARAMETRIC_REPRESENTATION_CONTEXT() REPRESENTATION_CONTEXT('2D SPACE',''
  ) );
#317 = ORIENTED_EDGE('',*,*,#175,.F.);
#318 = ADVANCED_FACE('',(#319),#134,.T.);
#319 = FACE_BOUND('',#320,.T.);
#320 = EDGE_LOOP('',(#321,#342,#343,#364));
#321 = ORIENTED_EDGE('',*,*,#322,.F.);
#322 = EDGE_CURVE('',#91,#206,#323,.T.);
#323 = SURFACE_CURVE('',#324,(#328,#335),.PCURVE_S1.);
#324 = LINE('',#325,#326);
#325 = CARTESIAN_POINT('',(-70.,45.,-2.));
#326 = VECTOR('',#327,1.);
#327 = DIRECTION('',(1.,0.,0.));
#328 = PCURVE('',#134,#329);
#329 = DEFINITIONAL_REPRESENTATION('',(#330),#334);
#330 = LINE('',#331,#332);
#331 = CARTESIAN_POINT('',(0.,0.));
#332 = VECTOR('',#333,1.);
#333 = DIRECTION('',(0.,1.));
#334 = ( GEOMETRIC_REPRESENTATION_CONTEXT(2) 
PARAMETRIC_REPRESENTATION_CONTEXT() REPRESENTATION_CONTEXT('2D SPACE',''
  ) );
#335 = PCURVE('',#106,#336);
#336 = DEFINITIONAL_REPRESENTATION('',(#337),#341);
#337 = LINE('',#338,#339);
#338 = CARTESIAN_POINT('',(0.,90.));
#339 = VECTOR('',#340,1.);
#340 = DIRECTION('',(1.,0.));
#341 = ( GEOMETRIC_REPRESENTATION_CONTEXT(2) 
PARAMETRIC_REPRESENTATION_CONTEXT() REPRESENTATION_CONTEXT('2D SPACE',''
  ) );
#342 = ORIENTED_EDGE('',*,*,#118,.T.);
#343 = ORIENTED_EDGE('',*,*,#344,.T.);
#344 = EDGE_CURVE('',#119,#229,#345,.T.);
#345 = SURFACE_CURVE('',#346,(#350,#357),.PCURVE_S1.);
#346 = LINE('',#347,#348);
#347 = CARTESIAN_POINT('',(-70.,45.,0.));
#348 = VECTOR('',#349,1.);
#349 = DIRECTION('',(1.,0.,0.));
#350 = PCURVE('',#134,#351);
#351 = DEFINITIONAL_REPRESENTATION('',(#352),#356);
#352 = LINE('',#353,#354);
#353 = CARTESIAN_POINT('',(2.,0.));
#354 = VECTOR('',#355,1.);
#355 = DIRECTION('',(0.,1.));
#356 = ( GEOMETRIC_REPRESENTATION_CONTEXT(2) 
PARAMETRIC_REPRESENTATION_CONTEXT() REPRESENTATION_CONTEXT('2D SPACE',''
  ) );
#357 = PCURVE('',#160,#358);
#358 = DEFINITIONAL_REPRESENTATION('',(#359),#363);
#359 = LINE('',#360,#361);
#360 = CARTESIAN_POINT('',(0.,90.));
#361 = VECTOR('',#362,1.);
#362 = DIRECTION('',(1.,0.));
#363 = ( GEOMETRIC_REPRESENTATION_CONTEXT(2) 
PARAMETRIC_REPRESENTATION_CONTEXT() REPRESENTATION_CONTEXT('2D SPACE',''
  ) );
#364 = ORIENTED_EDGE('',*,*,#228,.F.);
#365 = ADVANCED_FACE('',(#366),#106,.F.);
#366 = FACE_BOUND('',#367,.F.);
#367 = EDGE_LOOP('',(#368,#369,#370,#371));
#368 = ORIENTED_EDGE('',*,*,#90,.F.);
#369 = ORIENTED_EDGE('',*,*,#275,.T.);
#370 = ORIENTED_EDGE('',*,*,#205,.T.);
#371 = ORIENTED_EDGE('',*,*,#322,.F.);
#372 = ADVANCED_FACE('',(#373),#160,.T.);
#373 = FACE_BOUND('',#374,.T.);
#374 = EDGE_LOOP('',(#375,#376,#377,#378));
#375 = ORIENTED_EDGE('',*,*,#146,.F.);
#376 = ORIENTED_EDGE('',*,*,#297,.T.);
#377 = ORIENTED_EDGE('',*,*,#251,.T.);
#378 = ORIENTED_EDGE('',*,*,#344,.F.);
#379 = ( GEOMETRIC_REPRESENTATION_CONTEXT(3) 
GLOBAL_UNCERTAINTY_ASSIGNED_CONTEXT((#383)) GLOBAL_UNIT_ASSIGNED_CONTEXT
((#380,#381,#382)) REPRESENTATION_CONTEXT('Context #1',
  '3D Context with UNIT and UNCERTAINTY') );
#380 = ( LENGTH_UNIT() NAMED_UNIT(*) SI_UNIT(.MILLI.,.METRE.) );
#381 = ( NAMED_UNIT(*) PLANE_ANGLE_UNIT() SI_UNIT($,.RADIAN.) );
#382 = ( NAMED_UNIT(*) SI_UNIT($,.STERADIAN.) SOLID_ANGLE_UNIT() );
#383 = UNCERTAINTY_MEASURE_WITH_UNIT(LENGTH_MEASURE(1.E-07),#380,
  'distance_accuracy_value','confusion accuracy');
#384 = CONTEXT_DEPENDENT_SHAPE_REPRESENTATION(#385,#387);
#385 = ( REPRESENTATION_RELATIONSHIP('','',#48,#10) 
REPRESENTATION_RELATIONSHIP_WITH_TRANSFORMATION(#386) 
SHAPE_REPRESENTATION_RELATIONSHIP() );
#386 = ITEM_DEFINED_TRANSFORMATION('','',#11,#15);
#387 = PRODUCT_DEFINITION_SHAPE('Placement','Placement of an item',#388
  );
#388 = NEXT_ASSEMBLY_USAGE_OCCURRENCE('1','Bed','',#5,#43,$);
#389 = PRODUCT_RELATED_PRODUCT_CATEGORY('part',$,(#45));
#390 = SHAPE_DEFINITION_REPRESENTATION(#391,#397);
#391 = PRODUCT_DEFINITION_SHAPE('','',#392);
#392 = PRODUCT_DEFINITION('design','',#393,#396);
#393 = PRODUCT_DEFINITION_FORMATION('','',#394);
#394 = PRODUCT('Bracket','Bracket','',(#395));
#395 = PRODUCT_CONTEXT('',#2,'mechanical');
#396 = PRODUCT_DEFINITION_CONTEXT('part definition',#2,'design');
#397 = ADVANCED_BREP_SHAPE_REPRESENTATION('',(#11,#398),#3684);
#398 = MANIFOLD_SOLID_BREP('',#399);
#399 = CLOSED_SHELL('',(#400,#520,#608,#685,#764,#842,#899,#957,#1033,
    #1255,#1280,#1456,#1482,#1558,#1700,#1726,#1804,#1941,#1989,#2388,
    #2437,#2797,#2823,#2849,#2875,#2924,#2951,#3001,#3058,#3178,#3225,
    #3272,#3299,#3326,#3353,#3400,#3447,#3472,#3478,#3484,#3490,#3517,
    #3524,#3571,#3598,#3625,#3632,#3659,#3665,#3671,#3677));
#400 = ADVANCED_FACE('',(#401),#415,.F.);
#401 = FACE_BOUND('',#402,.F.);
#402 = EDGE_LOOP('',(#403,#438,#466,#494));
#403 = ORIENTED_EDGE('',*,*,#404,.F.);
#404 = EDGE_CURVE('',#405,#407,#409,.T.);
#405 = VERTEX_POINT('',#406);
#406 = CARTESIAN_POINT('',(-25.,-11.,2.));
#407 = VERTEX_POINT('',#408);
#408 = CARTESIAN_POINT('',(-25.,-11.,4.));
#409 = SURFACE_CURVE('',#410,(#414,#426),.PCURVE_S1.);
#410 = LINE('',#411,#412);
#411 = CARTESIAN_POINT('',(-25.,-11.,0.));
#412 = VECTOR('',#413,1.);
#413 = DIRECTION('',(0.,0.,1.));
#414 = PCURVE('',#415,#420);
#415 = PLANE('',#416);
#416 = AXIS2_PLACEMENT_3D('',#417,#418,#419);
#417 = CARTESIAN_POINT('',(-25.,-15.,0.));
#418 = DIRECTION('',(1.,0.,0.));
#419 = DIRECTION('',(0.,0.,1.));
#420 = DEFINITIONAL_REPRESENTATION('',(#421),#425);
#421 = LINE('',#422,#423);
#422 = CARTESIAN_POINT('',(0.,-4.));
#423 = VECTOR('',#424,1.);
#424 = DIRECTION('',(1.,0.));
#425 = ( GEOMETRIC_REPRESENTATION_CONTEXT(2) 
PARAMETRIC_REPRESENTATION_CONTEXT() REPRESENTATION_CONTEXT('2D SPACE',''
  ) );
#426 = PCURVE('',#427,#432);
#427 = CYLINDRICAL_SURFACE('',#428,4.);
#428 = AXIS2_PLACEMENT_3D('',#429,#430,#431);
#429 = CARTESIAN_POINT('',(-21.,-11.,0.));
#430 = DIRECTION('',(0.,0.,1.));
#431 = DIRECTION('',(-1.,-0.,0.));
#432 = DEFINITIONAL_REPRESENTATION('',(#433),#437);
#433 = LINE('',#434,#435);
#434 = CARTESIAN_POINT('',(0.,0.));
#435 = VECTOR('',#436,1.);
#436 = DIRECTION('',(0.,1.));
#437 = ( GEOMETRIC_REPRESENTATION_CONTEXT(2) 
PARAMETRIC_REPRESENTATION_CONTEXT() REPRESENTATION_CONTEXT('2D SPACE',''
  ) );
#438 = ORIENTED_EDGE('',*,*,#439,.T.);
#439 = EDGE_CURVE('',#405,#440,#442,.T.);
#440 = VERTEX_POINT('',#441);
#441 = CARTESIAN_POINT('',(-25.,11.,2.));
#442 = SURFACE_CURVE('',#443,(#447,#454),.PCURVE_S1.);
#443 = LINE('',#444,#445);
#444 = CARTESIAN_POINT('',(-25.,-11.,2.));
#445 = VECTOR('',#446,1.);
#446 = DIRECTION('',(0.,1.,0.));
#447 = PCURVE('',#415,#448);
#448 = DEFINITIONAL_REPRESENTATION('',(#449),#453);
#449 = LINE('',#450,#451);
#450 = CARTESIAN_POINT('',(2.,-4.));
#451 = VECTOR('',#452,1.);
#452 = DIRECTION('',(0.,-1.));
#453 = ( GEOMETRIC_REPRESENTATION_CONTEXT(2) 
PARAMETRIC_REPRESENTATION_CONTEXT() REPRESENTATION_CONTEXT('2D SPACE',''
  ) );
#454 = PCURVE('',#455,#460);
#455 = CYLINDRICAL_SURFACE('',#456,2.);
#456 = AXIS2_PLACEMENT_3D('',#457,#458,#459);
#457 = CARTESIAN_POINT('',(-23.,-11.,2.));
#458 = DIRECTION('',(0.,1.,0.));
#459 = DIRECTION('',(-1.,0.,0.));
#460 = DEFINITIONAL_REPRESENTATION('',(#461),#465);
#461 = LINE('',#462,#463);
#462 = CARTESIAN_POINT('',(-0.,0.));
#463 = VECTOR('',#464,1.);
#464 = DIRECTION('',(-0.,1.));
#465 = ( GEOMETRIC_REPRESENTATION_CONTEXT(2) 
PARAMETRIC_REPRESENTATION_CONTEXT() REPRESENTATION_CONTEXT('2D SPACE',''
  ) );
#466 = ORIENTED_EDGE('',*,*,#467,.T.);
#467 = EDGE_CURVE('',#440,#468,#470,.T.);
#468 = VERTEX_POINT('',#469);
#469 = CARTESIAN_POINT('',(-25.,11.,4.));
#470 = SURFACE_CURVE('',#471,(#475,#482),.PCURVE_S1.);
#471 = LINE('',#472,#473);
#472 = CARTESIAN_POINT('',(-25.,11.,0.));
#473 = VECTOR('',#474,1.);
#474 = DIRECTION('',(0.,0.,1.));
#475 = PCURVE('',#415,#476);
#476 = DEFINITIONAL_REPRESENTATION('',(#477),#481);
#477 = LINE('',#478,#479);
#478 = CARTESIAN_POINT('',(0.,-26.));
#479 = VECTOR('',#480,1.);
#480 = DIRECTION('',(1.,0.));
#481 = ( GEOMETRIC_REPRESENTATION_CONTEXT(2) 
PARAMETRIC_REPRESENTATION_CONTEXT() REPRESENTATION_CONTEXT('2D SPACE',''
  ) );
#482 = PCURVE('',#483,#488);
#483 = CYLINDRICAL_SURFACE('',#484,4.);
#484 = AXIS2_PLACEMENT_3D('',#485,#486,#487);
#485 = CARTESIAN_POINT('',(-21.,11.,0.));
#486 = DIRECTION('',(0.,0.,1.));
#487 = DIRECTION('',(-1.,-0.,0.));
#488 = DEFINITIONAL_REPRESENTATION('',(#489),#493);
#489 = LINE('',#490,#491);
#490 = CARTESIAN_POINT('',(-0.,0.));
#491 = VECTOR('',#492,1.);
#492 = DIRECTION('',(-0.,1.));
#493 = ( GEOMETRIC_REPRESENTATION_CONTEXT(2) 
PARAMETRIC_REPRESENTATION_CONTEXT() REPRESENTATION_CONTEXT('2D SPACE',''
  ) );
#494 = ORIENTED_EDGE('',*,*,#495,.F.);
#495 = EDGE_CURVE('',#407,#468,#496,.T.);
#496 = SURFACE_CURVE('',#497,(#501,#508),.PCURVE_S1.);
#497 = LINE('',#498,#499);
#498 = CARTESIAN_POINT('',(-25.,-11.,4.));
#499 = VECTOR('',#500,1.);
#500 = DIRECTION('',(0.,1.,0.));
#501 = PCURVE('',#415,#502);
#502 = DEFINITIONAL_REPRESENTATION('',(#503),#507);
#503 = LINE('',#504,#505);
#504 = CARTESIAN_POINT('',(4.,-4.));
#505 = VECTOR('',#506,1.);
#506 = DIRECTION('',(0.,-1.));
#507 = ( GEOMETRIC_REPRESENTATION_CONTEXT(2) 
PARAMETRIC_REPRESENTATION_CONTEXT() REPRESENTATION_CONTEXT('2D SPACE',''
  ) );
#508 = PCURVE('',#509,#514);
#509 = PLANE('',#510);
#510 = AXIS2_PLACEMENT_3D('',#511,#512,#513);
#511 = CARTESIAN_POINT('',(-24.5,-11.,4.5));
#512 = DIRECTION('',(0.707106781187,0.,-0.707106781187));
#513 = DIRECTION('',(0.,1.,0.));
#514 = DEFINITIONAL_REPRESENTATION('',(#515),#519);
#515 = LINE('',#516,#517);
#516 = CARTESIAN_POINT('',(0.,-0.707106781187));
#517 = VECTOR('',#518,1.);
#518 = DIRECTION('',(1.,0.));
#519 = ( GEOMETRIC_REPRESENTATION_CONTEXT(2) 
PARAMETRIC_REPRESENTATION_CONTEXT() REPRESENTATION_CONTEXT('2D SPACE',''
  ) );
#520 = ADVANCED_FACE('',(#521),#427,.T.);
#521 = FACE_BOUND('',#522,.T.);
#522 = EDGE_LOOP('',(#523,#524,#553,#581));
#523 = ORIENTED_EDGE('',*,*,#404,.F.);
#524 = ORIENTED_EDGE('',*,*,#525,.F.);
#525 = EDGE_CURVE('',#526,#405,#528,.T.);
#526 = VERTEX_POINT('',#527);
#527 = CARTESIAN_POINT('',(-21.,-15.,2.));
#528 = SURFACE_CURVE('',#529,(#534,#541),.PCURVE_S1.);
#529 = CIRCLE('',#530,4.);
#530 = AXIS2_PLACEMENT_3D('',#531,#532,#533);
#531 = CARTESIAN_POINT('',(-21.,-11.,2.));
#532 = DIRECTION('',(-0.,-0.,-1.));
#533 = DIRECTION('',(0.,-1.,0.));
#534 = PCURVE('',#427,#535);
#535 = DEFINITIONAL_REPRESENTATION('',(#536),#540);
#536 = LINE('',#537,#538);
#537 = CARTESIAN_POINT('',(1.570796326795,2.));
#538 = VECTOR('',#539,1.);
#539 = DIRECTION('',(-1.,-0.));
#540 = ( GEOMETRIC_REPRESENTATION_CONTEXT(2) 
PARAMETRIC_REPRESENTATION_CONTEXT() REPRESENTATION_CONTEXT('2D SPACE',''
  ) );
#541 = PCURVE('',#542,#547);
#542 = TOROIDAL_SURFACE('',#543,2.,2.);
#543 = AXIS2_PLACEMENT_3D('',#544,#545,#546);
#544 = CARTESIAN_POINT('',(-21.,-11.,2.));
#545 = DIRECTION('',(-0.,-0.,-1.));
#546 = DIRECTION('',(0.,-1.,0.));
#547 = DEFINITIONAL_REPRESENTATION('',(#548),#552);
#548 = LINE('',#549,#550);
#549 = CARTESIAN_POINT('',(0.,0.));
#550 = VECTOR('',#551,1.);
#551 = DIRECTION('',(1.,0.));
#552 = ( GEOMETRIC_REPRESENTATION_CONTEXT(2) 
PARAMETRIC_REPRESENTATION_CONTEXT() REPRESENTATION_CONTEXT('2D SPACE',''
  ) );
#553 = ORIENTED_EDGE('',*,*,#554,.T.);
#554 = EDGE_CURVE('',#526,#555,#557,.T.);
#555 = VERTEX_POINT('',#556);
#556 = CARTESIAN_POINT('',(-21.,-15.,4.));
#557 = SURFACE_CURVE('',#558,(#562,#569),.PCURVE_S1.);
#558 = LINE('',#559,#560);
#559 = CARTESIAN_POINT('',(-21.,-15.,0.));
#560 = VECTOR('',#561,1.);
#561 = DIRECTION('',(0.,0.,1.));
#562 = PCURVE('',#427,#563);
#563 = DEFINITIONAL_REPRESENTATION('',(#564),#568);
#564 = LINE('',#565,#566);
#565 = CARTESIAN_POINT('',(1.570796326795,0.));
#566 = VECTOR('',#567,1.);
#567 = DIRECTION('',(0.,1.));
#568 = ( GEOMETRIC_REPRESENTATION_CONTEXT(2) 
PARAMETRIC_REPRESENTATION_CONTEXT() REPRESENTATION_CONTEXT('2D SPACE',''
  ) );
#569 = PCURVE('',#570,#575);
#570 = PLANE('',#571);
#571 = AXIS2_PLACEMENT_3D('',#572,#573,#574);
#572 = CARTESIAN_POINT('',(-25.,-15.,0.));
#573 = DIRECTION('',(0.,1.,0.));
#574 = DIRECTION('',(0.,0.,1.));
#575 = DEFINITIONAL_REPRESENTATION('',(#576),#580);
#576 = LINE('',#577,#578);
#577 = CARTESIAN_POINT('',(0.,4.));
#578 = VECTOR('',#579,1.);
#579 = DIRECTION('',(1.,0.));
#580 = ( GEOMETRIC_REPRESENTATION_CONTEXT(2) 
PARAMETRIC_REPRESENTATION_CONTEXT() REPRESENTATION_CONTEXT('2D SPACE',''
  ) );
#581 = ORIENTED_EDGE('',*,*,#582,.T.);
#582 = EDGE_CURVE('',#555,#407,#583,.T.);
#583 = SURFACE_CURVE('',#584,(#589,#596),.PCURVE_S1.);
#584 = CIRCLE('',#585,4.);
#585 = AXIS2_PLACEMENT_3D('',#586,#587,#588);
#586 = CARTESIAN_POINT('',(-21.,-11.,4.));
#587 = DIRECTION('',(-0.,-0.,-1.));
#588 = DIRECTION('',(0.,-1.,0.));
#589 = PCURVE('',#427,#590);
#590 = DEFINITIONAL_REPRESENTATION('',(#591),#595);
#591 = LINE('',#592,#593);
#592 = CARTESIAN_POINT('',(1.570796326795,4.));
#593 = VECTOR('',#594,1.);
#594 = DIRECTION('',(-1.,-0.));
#595 = ( GEOMETRIC_REPRESENTATION_CONTEXT(2) 
PARAMETRIC_REPRESENTATION_CONTEXT() REPRESENTATION_CONTEXT('2D SPACE',''
  ) );
#596 = PCURVE('',#597,#602);
#597 = CONICAL_SURFACE('',#598,4.,0.785398163397);
#598 = AXIS2_PLACEMENT_3D('',#599,#600,#601);
#599 = CARTESIAN_POINT('',(-21.,-11.,4.));
#600 = DIRECTION('',(-0.,-0.,-1.));
#601 = DIRECTION('',(0.,-1.,0.));
#602 = DEFINITIONAL_REPRESENTATION('',(#603),#607);
#603 = LINE('',#604,#605);
#604 = CARTESIAN_POINT('',(0.,-0.));
#605 = VECTOR('',#606,1.);
#606 = DIRECTION('',(1.,-0.));
#607 = ( GEOMETRIC_REPRESENTATION_CONTEXT(2) 
PARAMETRIC_REPRESENTATION_CONTEXT() REPRESENTATION_CONTEXT('2D SPACE',''
  ) );
#608 = ADVANCED_FACE('',(#609),#509,.F.);
#609 = FACE_BOUND('',#610,.F.);
#610 = EDGE_LOOP('',(#611,#632,#633,#659));
#611 = ORIENTED_EDGE('',*,*,#612,.F.);
#612 = EDGE_CURVE('',#407,#613,#615,.T.);
#613 = VERTEX_POINT('',#614);
#614 = CARTESIAN_POINT('',(-24.,-11.,5.));
#615 = SURFACE_CURVE('',#616,(#620,#626),.PCURVE_S1.);
#616 = LINE('',#617,#618);
#617 = CARTESIAN_POINT('',(-24.5,-11.,4.5));
#618 = VECTOR('',#619,1.);
#619 = DIRECTION('',(0.707106781187,-0.,0.707106781187));
#620 = PCURVE('',#509,#621);
#621 = DEFINITIONAL_REPRESENTATION('',(#622),#625);
#622 = B_SPLINE_CURVE_WITH_KNOTS('',1,(#623,#624),.UNSPECIFIED.,.F.,.F.,
  (2,2),(-0.707106781187,0.707106781187),.PIECEWISE_BEZIER_KNOTS.);
#623 = CARTESIAN_POINT('',(0.,-0.707106781187));
#624 = CARTESIAN_POINT('',(0.,0.707106781187));
#625 = ( GEOMETRIC_REPRESENTATION_CONTEXT(2) 
PARAMETRIC_REPRESENTATION_CONTEXT() REPRESENTATION_CONTEXT('2D SPACE',''
  ) );
#626 = PCURVE('',#597,#627);
#627 = DEFINITIONAL_REPRESENTATION('',(#628),#631);
#628 = B_SPLINE_CURVE_WITH_KNOTS('',1,(#629,#630),.UNSPECIFIED.,.F.,.F.,
  (2,2),(-0.707106781187,0.707106781187),.PIECEWISE_BEZIER_KNOTS.);
#629 = CARTESIAN_POINT('',(1.570796326795,0.));
#630 = CARTESIAN_POINT('',(1.570796326795,-1.));
#631 = ( GEOMETRIC_REPRESENTATION_CONTEXT(2) 
PARAMETRIC_REPRESENTATION_CONTEXT() REPRESENTATION_CONTEXT('2D SPACE',''
  ) );
#632 = ORIENTED_EDGE('',*,*,#495,.T.);
#633 = ORIENTED_EDGE('',*,*,#634,.T.);
#634 = EDGE_CURVE('',#468,#635,#637,.T.);
#635 = VERTEX_POINT('',#636);
#636 = CARTESIAN_POINT('',(-24.,11.,5.));
#637 = SURFACE_CURVE('',#638,(#642,#648),.PCURVE_S1.);
#638 = LINE('',#639,#640);
#639 = CARTESIAN_POINT('',(-24.5,11.,4.5));
#640 = VECTOR('',#641,1.);
#641 = DIRECTION('',(0.707106781187,-0.,0.707106781187));
#642 = PCURVE('',#509,#643);
#643 = DEFINITIONAL_REPRESENTATION('',(#644),#647);
#644 = B_SPLINE_CURVE_WITH_KNOTS('',1,(#645,#646),.UNSPECIFIED.,.F.,.F.,
  (2,2),(-0.707106781187,0.707106781187),.PIECEWISE_BEZIER_KNOTS.);
#645 = CARTESIAN_POINT('',(22.,-0.707106781187));
#646 = CARTESIAN_POINT('',(22.,0.707106781187));
#647 = ( GEOMETRIC_REPRESENTATION_CONTEXT(2) 
PARAMETRIC_REPRESENTATION_CONTEXT() REPRESENTATION_CONTEXT('2D SPACE',''
  ) );
#648 = PCURVE('',#649,#654);
#649 = CONICAL_SURFACE('',#650,4.,0.785398163397);
#650 = AXIS2_PLACEMENT_3D('',#651,#652,#653);
#651 = CARTESIAN_POINT('',(-21.,11.,4.));
#652 = DIRECTION('',(-0.,-0.,-1.));
#653 = DIRECTION('',(-1.,0.,0.));
#654 = DEFINITIONAL_REPRESENTATION('',(#655),#658);
#655 = B_SPLINE_CURVE_WITH_KNOTS('',1,(#656,#657),.UNSPECIFIED.,.F.,.F.,
  (2,2),(-0.707106781187,0.707106781187),.PIECEWISE_BEZIER_KNOTS.);
#656 = CARTESIAN_POINT('',(0.,0.));
#657 = CARTESIAN_POINT('',(0.,-1.));
#658 = ( GEOMETRIC_REPRESENTATION_CONTEXT(2) 
PARAMETRIC_REPRESENTATION_CONTEXT() REPRESENTATION_CONTEXT('2D SPACE',''
  ) );
#659 = ORIENTED_EDGE('',*,*,#660,.F.);
#660 = EDGE_CURVE('',#613,#635,#661,.T.);
#661 = SURFACE_CURVE('',#662,(#666,#673),.PCURVE_S1.);
#662 = LINE('',#663,#664);
#663 = CARTESIAN_POINT('',(-24.,-11.,5.));
#664 = VECTOR('',#665,1.);
#665 = DIRECTION('',(0.,1.,0.));
#666 = PCURVE('',#509,#667);
#667 = DEFINITIONAL_REPRESENTATION('',(#668),#672);
#668 = LINE('',#669,#670);
#669 = CARTESIAN_POINT('',(0.,0.707106781187));
#670 = VECTOR('',#671,1.);
#671 = DIRECTION('',(1.,0.));
#672 = ( GEOMETRIC_REPRESENTATION_CONTEXT(2) 
PARAMETRIC_REPRESENTATION_CONTEXT() REPRESENTATION_CONTEXT('2D SPACE',''
  ) );
#673 = PCURVE('',#674,#679);
#674 = PLANE('',#675);
#675 = AXIS2_PLACEMENT_3D('',#676,#677,#678);
#676 = CARTESIAN_POINT('',(-25.,-15.,5.));
#677 = DIRECTION('',(0.,0.,1.));
#678 = DIRECTION('',(1.,0.,0.));
#679 = DEFINITIONAL_REPRESENTATION('',(#680),#684);
#680 = LINE('',#681,#682);
#681 = CARTESIAN_POINT('',(1.,4.));
#682 = VECTOR('',#683,1.);
#683 = DIRECTION('',(0.,1.));
#684 = ( GEOMETRIC_REPRESENTATION_CONTEXT(2) 
PARAMETRIC_REPRESENTATION_CONTEXT() REPRESENTATION_CONTEXT('2D SPACE',''
  ) );
#685 = ADVANCED_FACE('',(#686),#455,.T.);
#686 = FACE_BOUND('',#687,.F.);
#687 = EDGE_LOOP('',(#688,#710,#738,#763));
#688 = ORIENTED_EDGE('',*,*,#689,.T.);
#689 = EDGE_CURVE('',#405,#690,#692,.T.);
#690 = VERTEX_POINT('',#691);
#691 = CARTESIAN_POINT('',(-23.,-11.,-4.440892098501E-16));
#692 = SURFACE_CURVE('',#693,(#698,#704),.PCURVE_S1.);
#693 = CIRCLE('',#694,2.);
#694 = AXIS2_PLACEMENT_3D('',#695,#696,#697);
#695 = CARTESIAN_POINT('',(-23.,-11.,2.));
#696 = DIRECTION('',(-0.,-1.,-0.));
#697 = DIRECTION('',(-1.,0.,0.));
#698 = PCURVE('',#455,#699);
#699 = DEFINITIONAL_REPRESENTATION('',(#700),#703);
#700 = B_SPLINE_CURVE_WITH_KNOTS('',1,(#701,#702),.UNSPECIFIED.,.F.,.F.,
  (2,2),(0.,1.570796326795),.PIECEWISE_BEZIER_KNOTS.);
#701 = CARTESIAN_POINT('',(0.,0.));
#702 = CARTESIAN_POINT('',(-1.570796326795,0.));
#703 = ( GEOMETRIC_REPRESENTATION_CONTEXT(2) 
PARAMETRIC_REPRESENTATION_CONTEXT() REPRESENTATION_CONTEXT('2D SPACE',''
  ) );
#704 = PCURVE('',#542,#705);
#705 = DEFINITIONAL_REPRESENTATION('',(#706),#709);
#706 = B_SPLINE_CURVE_WITH_KNOTS('',1,(#707,#708),.UNSPECIFIED.,.F.,.F.,
  (2,2),(0.,1.570796326795),.PIECEWISE_BEZIER_KNOTS.);
#707 = CARTESIAN_POINT('',(1.570796326795,0.));
#708 = CARTESIAN_POINT('',(1.570796326795,1.570796326795));
#709 = ( GEOMETRIC_REPRESENTATION_CONTEXT(2) 
PARAMETRIC_REPRESENTATION_CONTEXT() REPRESENTATION_CONTEXT('2D SPACE',''
  ) );
#710 = ORIENTED_EDGE('',*,*,#711,.T.);
#711 = EDGE_CURVE('',#690,#712,#714,.T.);
#712 = VERTEX_POINT('',#713);
#713 = CARTESIAN_POINT('',(-23.,11.,-4.440892098501E-16));
#714 = SURFACE_CURVE('',#715,(#719,#726),.PCURVE_S1.);
#715 = LINE('',#716,#717);
#716 = CARTESIAN_POINT('',(-23.,-11.,-4.440892098501E-16));
#717 = VECTOR('',#718,1.);
#718 = DIRECTION('',(0.,1.,0.));
#719 = PCURVE('',#455,#720);
#720 = DEFINITIONAL_REPRESENTATION('',(#721),#725);
#721 = LINE('',#722,#723);
#722 = CARTESIAN_POINT('',(-1.570796326795,0.));
#723 = VECTOR('',#724,1.);
#724 = DIRECTION('',(-0.,1.));
#725 = ( GEOMETRIC_REPRESENTATION_CONTEXT(2) 
PARAMETRIC_REPRESENTATION_CONTEXT() REPRESENTATION_CONTEXT('2D SPACE',''
  ) );
#726 = PCURVE('',#727,#732);
#727 = PLANE('',#728);
#728 = AXIS2_PLACEMENT_3D('',#729,#730,#731);
#729 = CARTESIAN_POINT('',(-25.,-15.,0.));
#730 = DIRECTION('',(0.,0.,1.));
#731 = DIRECTION('',(1.,0.,0.));
#732 = DEFINITIONAL_REPRESENTATION('',(#733),#737);
#733 = LINE('',#734,#735);
#734 = CARTESIAN_POINT('',(2.,4.));
#735 = VECTOR('',#736,1.);
#736 = DIRECTION('',(0.,1.));
#737 = ( GEOMETRIC_REPRESENTATION_CONTEXT(2) 
PARAMETRIC_REPRESENTATION_CONTEXT() REPRESENTATION_CONTEXT('2D SPACE',''
  ) );
#738 = ORIENTED_EDGE('',*,*,#739,.F.);
#739 = EDGE_CURVE('',#440,#712,#740,.T.);
#740 = SURFACE_CURVE('',#741,(#746,#752),.PCURVE_S1.);
#741 = CIRCLE('',#742,2.);
#742 = AXIS2_PLACEMENT_3D('',#743,#744,#745);
#743 = CARTESIAN_POINT('',(-23.,11.,2.));
#744 = DIRECTION('',(-0.,-1.,-0.));
#745 = DIRECTION('',(-1.,0.,0.));
#746 = PCURVE('',#455,#747);
#747 = DEFINITIONAL_REPRESENTATION('',(#748),#751);
#748 = B_SPLINE_CURVE_WITH_KNOTS('',1,(#749,#750),.UNSPECIFIED.,.F.,.F.,
  (2,2),(0.,1.570796326795),.PIECEWISE_BEZIER_KNOTS.);
#749 = CARTESIAN_POINT('',(0.,22.));
#750 = CARTESIAN_POINT('',(-1.570796326795,22.));
#751 = ( GEOMETRIC_REPRESENTATION_CONTEXT(2) 
PARAMETRIC_REPRESENTATION_CONTEXT() REPRESENTATION_CONTEXT('2D SPACE',''
  ) );
#752 = PCURVE('',#753,#758);
#753 = TOROIDAL_SURFACE('',#754,2.,2.);
#754 = AXIS2_PLACEMENT_3D('',#755,#756,#757);
#755 = CARTESIAN_POINT('',(-21.,11.,2.));
#756 = DIRECTION('',(-0.,-0.,-1.));
#757 = DIRECTION('',(-1.,0.,0.));
#758 = DEFINITIONAL_REPRESENTATION('',(#759),#762);
#759 = B_SPLINE_CURVE_WITH_KNOTS('',1,(#760,#761),.UNSPECIFIED.,.F.,.F.,
  (2,2),(0.,1.570796326795),.PIECEWISE_BEZIER_KNOTS.);
#760 = CARTESIAN_POINT('',(0.,0.));
#761 = CARTESIAN_POINT('',(0.,1.570796326795));
#762 = ( GEOMETRIC_REPRESENTATION_CONTEXT(2) 
PARAMETRIC_REPRESENTATION_CONTEXT() REPRESENTATION_CONTEXT('2D SPACE',''
  ) );
#763 = ORIENTED_EDGE('',*,*,#439,.F.);
#764 = ADVANCED_FACE('',(#765),#483,.T.);
#765 = FACE_BOUND('',#766,.F.);
#766 = EDGE_LOOP('',(#767,#768,#792,#820));
#767 = ORIENTED_EDGE('',*,*,#467,.F.);
#768 = ORIENTED_EDGE('',*,*,#769,.T.);
#769 = EDGE_CURVE('',#440,#770,#772,.T.);
#770 = VERTEX_POINT('',#771);
#771 = CARTESIAN_POINT('',(-21.,15.,2.));
#772 = SURFACE_CURVE('',#773,(#778,#785),.PCURVE_S1.);
#773 = CIRCLE('',#774,4.);
#774 = AXIS2_PLACEMENT_3D('',#775,#776,#777);
#775 = CARTESIAN_POINT('',(-21.,11.,2.));
#776 = DIRECTION('',(-0.,0.,-1.));
#777 = DIRECTION('',(-1.,0.,0.));
#778 = PCURVE('',#483,#779);
#779 = DEFINITIONAL_REPRESENTATION('',(#780),#784);
#780 = LINE('',#781,#782);
#781 = CARTESIAN_POINT('',(-0.,2.));
#782 = VECTOR('',#783,1.);
#783 = DIRECTION('',(-1.,0.));
#784 = ( GEOMETRIC_REPRESENTATION_CONTEXT(2) 
PARAMETRIC_REPRESENTATION_CONTEXT() REPRESENTATION_CONTEXT('2D SPACE',''
  ) );
#785 = PCURVE('',#753,#786);
#786 = DEFINITIONAL_REPRESENTATION('',(#787),#791);
#787 = LINE('',#788,#789);
#788 = CARTESIAN_POINT('',(0.,0.));
#789 = VECTOR('',#790,1.);
#790 = DIRECTION('',(1.,0.));
#791 = ( GEOMETRIC_REPRESENTATION_CONTEXT(2) 
PARAMETRIC_REPRESENTATION_CONTEXT() REPRESENTATION_CONTEXT('2D SPACE',''
  ) );
#792 = ORIENTED_EDGE('',*,*,#793,.T.);
#793 = EDGE_CURVE('',#770,#794,#796,.T.);
#794 = VERTEX_POINT('',#795);
#795 = CARTESIAN_POINT('',(-21.,15.,4.));
#796 = SURFACE_CURVE('',#797,(#801,#808),.PCURVE_S1.);
#797 = LINE('',#798,#799);
#798 = CARTESIAN_POINT('',(-21.,15.,0.));
#799 = VECTOR('',#800,1.);
#800 = DIRECTION('',(0.,0.,1.));
#801 = PCURVE('',#483,#802);
#802 = DEFINITIONAL_REPRESENTATION('',(#803),#807);
#803 = LINE('',#804,#805);
#804 = CARTESIAN_POINT('',(-1.570796326795,0.));
#805 = VECTOR('',#806,1.);
#806 = DIRECTION('',(-0.,1.));
#807 = ( GEOMETRIC_REPRESENTATION_CONTEXT(2) 
PARAMETRIC_REPRESENTATION_CONTEXT() REPRESENTATION_CONTEXT('2D SPACE',''
  ) );
#808 = PCURVE('',#809,#814);
#809 = PLANE('',#810);
#810 = AXIS2_PLACEMENT_3D('',#811,#812,#813);
#811 = CARTESIAN_POINT('',(-25.,15.,0.));
#812 = DIRECTION('',(0.,1.,0.));
#813 = DIRECTION('',(0.,0.,1.));
#814 = DEFINITIONAL_REPRESENTATION('',(#815),#819);
#815 = LINE('',#816,#817);
#816 = CARTESIAN_POINT('',(0.,4.));
#817 = VECTOR('',#818,1.);
#818 = DIRECTION('',(1.,0.));
#819 = ( GEOMETRIC_REPRESENTATION_CONTEXT(2) 
PARAMETRIC_REPRESENTATION_CONTEXT() REPRESENTATION_CONTEXT('2D SPACE',''
  ) );
#820 = ORIENTED_EDGE('',*,*,#821,.F.);
#821 = EDGE_CURVE('',#468,#794,#822,.T.);
#822 = SURFACE_CURVE('',#823,(#828,#835),.PCURVE_S1.);
#823 = CIRCLE('',#824,4.);
#824 = AXIS2_PLACEMENT_3D('',#825,#826,#827);
#825 = CARTESIAN_POINT('',(-21.,11.,4.));
#826 = DIRECTION('',(-0.,0.,-1.));
#827 = DIRECTION('',(-1.,0.,0.));
#828 = PCURVE('',#483,#829);
#829 = DEFINITIONAL_REPRESENTATION('',(#830),#834);
#830 = LINE('',#831,#832);
#831 = CARTESIAN_POINT('',(-0.,4.));
#832 = VECTOR('',#833,1.);
#833 = DIRECTION('',(-1.,0.));
#834 = ( GEOMETRIC_REPRESENTATION_CONTEXT(2) 
PARAMETRIC_REPRESENTATION_CONTEXT() REPRESENTATION_CONTEXT('2D SPACE',''
  ) );
#835 = PCURVE('',#649,#836);
#836 = DEFINITIONAL_REPRESENTATION('',(#837),#841);
#837 = LINE('',#838,#839);
#838 = CARTESIAN_POINT('',(0.,-0.));
#839 = VECTOR('',#840,1.);
#840 = DIRECTION('',(1.,-0.));
#841 = ( GEOMETRIC_REPRESENTATION_CONTEXT(2) 
PARAMETRIC_REPRESENTATION_CONTEXT() REPRESENTATION_CONTEXT('2D SPACE',''
  ) );
#842 = ADVANCED_FACE('',(#843),#597,.T.);
#843 = FACE_BOUND('',#844,.F.);
#844 = EDGE_LOOP('',(#845,#871,#872,#873));
#845 = ORIENTED_EDGE('',*,*,#846,.F.);
#846 = EDGE_CURVE('',#555,#847,#849,.T.);
#847 = VERTEX_POINT('',#848);
#848 = CARTESIAN_POINT('',(-21.,-14.,5.));
#849 = SURFACE_CURVE('',#850,(#854,#860),.PCURVE_S1.);
#850 = LINE('',#851,#852);
#851 = CARTESIAN_POINT('',(-21.,-14.5,4.5));
#852 = VECTOR('',#853,1.);
#853 = DIRECTION('',(0.,0.707106781187,0.707106781187));
#854 = PCURVE('',#597,#855);
#855 = DEFINITIONAL_REPRESENTATION('',(#856),#859);
#856 = B_SPLINE_CURVE_WITH_KNOTS('',1,(#857,#858),.UNSPECIFIED.,.F.,.F.,
  (2,2),(-0.707106781187,0.707106781187),.PIECEWISE_BEZIER_KNOTS.);
#857 = CARTESIAN_POINT('',(0.,0.));
#858 = CARTESIAN_POINT('',(0.,-1.));
#859 = ( GEOMETRIC_REPRESENTATION_CONTEXT(2) 
PARAMETRIC_REPRESENTATION_CONTEXT() REPRESENTATION_CONTEXT('2D SPACE',''
  ) );
#860 = PCURVE('',#861,#866);
#861 = PLANE('',#862);
#862 = AXIS2_PLACEMENT_3D('',#863,#864,#865);
#863 = CARTESIAN_POINT('',(21.,-14.5,4.5));
#864 = DIRECTION('',(0.,0.707106781187,-0.707106781187));
#865 = DIRECTION('',(-1.,0.,-0.));
#866 = DEFINITIONAL_REPRESENTATION('',(#867),#870);
#867 = B_SPLINE_CURVE_WITH_KNOTS('',1,(#868,#869),.UNSPECIFIED.,.F.,.F.,
  (2,2),(-0.707106781187,0.707106781187),.PIECEWISE_BEZIER_KNOTS.);
#868 = CARTESIAN_POINT('',(42.,-0.707106781187));
#869 = CARTESIAN_POINT('',(42.,0.707106781187));
#870 = ( GEOMETRIC_REPRESENTATION_CONTEXT(2) 
PARAMETRIC_REPRESENTATION_CONTEXT() REPRESENTATION_CONTEXT('2D SPACE',''
  ) );
#871 = ORIENTED_EDGE('',*,*,#582,.T.);
#872 = ORIENTED_EDGE('',*,*,#612,.T.);
#873 = ORIENTED_EDGE('',*,*,#874,.F.);
#874 = EDGE_CURVE('',#847,#613,#875,.T.);
#875 = SURFACE_CURVE('',#876,(#881,#888),.PCURVE_S1.);
#876 = CIRCLE('',#877,3.);
#877 = AXIS2_PLACEMENT_3D('',#878,#879,#880);
#878 = CARTESIAN_POINT('',(-21.,-11.,5.));
#879 = DIRECTION('',(-0.,-0.,-1.));
#880 = DIRECTION('',(0.,-1.,0.));
#881 = PCURVE('',#597,#882);
#882 = DEFINITIONAL_REPRESENTATION('',(#883),#887);
#883 = LINE('',#884,#885);
#884 = CARTESIAN_POINT('',(0.,-1.));
#885 = VECTOR('',#886,1.);
#886 = DIRECTION('',(1.,-0.));
#887 = ( GEOMETRIC_REPRESENTATION_CONTEXT(2) 
PARAMETRIC_REPRESENTATION_CONTEXT() REPRESENTATION_CONTEXT('2D SPACE',''
  ) );
#888 = PCURVE('',#674,#889);
#889 = DEFINITIONAL_REPRESENTATION('',(#890),#898);
#890 = ( BOUNDED_CURVE() B_SPLINE_CURVE(2,(#891,#892,#893,#894,#895,#896
,#897),.UNSPECIFIED.,.T.,.F.) B_SPLINE_CURVE_WITH_KNOTS((1,2,2,2,2,1),(
    -2.094395102393,0.,2.094395102393,4.188790204786,6.28318530718,
8.377580409573),.UNSPECIFIED.) CURVE() GEOMETRIC_REPRESENTATION_ITEM() 
RATIONAL_B_SPLINE_CURVE((1.,0.5,1.,0.5,1.,0.5,1.)) REPRESENTATION_ITEM(
  '') );
#891 = CARTESIAN_POINT('',(4.,1.));
#892 = CARTESIAN_POINT('',(-1.196152422707,1.));
#893 = CARTESIAN_POINT('',(1.401923788647,5.5));
#894 = CARTESIAN_POINT('',(4.,10.));
#895 = CARTESIAN_POINT('',(6.598076211353,5.5));
#896 = CARTESIAN_POINT('',(9.196152422707,1.));
#897 = CARTESIAN_POINT('',(4.,1.));
#898 = ( GEOMETRIC_REPRESENTATION_CONTEXT(2) 
PARAMETRIC_REPRESENTATION_CONTEXT() REPRESENTATION_CONTEXT('2D SPACE',''
  ) );
#899 = ADVANCED_FACE('',(#900),#542,.T.);
#900 = FACE_BOUND('',#901,.T.);
#901 = EDGE_LOOP('',(#902,#929,#930,#931));
#902 = ORIENTED_EDGE('',*,*,#903,.F.);
#903 = EDGE_CURVE('',#526,#904,#906,.T.);
#904 = VERTEX_POINT('',#905);
#905 = CARTESIAN_POINT('',(-21.,-13.,-4.440892098501E-16));
#906 = SURFACE_CURVE('',#907,(#912,#918),.PCURVE_S1.);
#907 = CIRCLE('',#908,2.);
#908 = AXIS2_PLACEMENT_3D('',#909,#910,#911);
#909 = CARTESIAN_POINT('',(-21.,-13.,2.));
#910 = DIRECTION('',(1.,0.,0.));
#911 = DIRECTION('',(0.,-1.,0.));
#912 = PCURVE('',#542,#913);
#913 = DEFINITIONAL_REPRESENTATION('',(#914),#917);
#914 = B_SPLINE_CURVE_WITH_KNOTS('',1,(#915,#916),.UNSPECIFIED.,.F.,.F.,
  (2,2),(0.,1.570796326795),.PIECEWISE_BEZIER_KNOTS.);
#915 = CARTESIAN_POINT('',(0.,0.));
#916 = CARTESIAN_POINT('',(0.,1.570796326795));
#917 = ( GEOMETRIC_REPRESENTATION_CONTEXT(2) 
PARAMETRIC_REPRESENTATION_CONTEXT() REPRESENTATION_CONTEXT('2D SPACE',''
  ) );
#918 = PCURVE('',#919,#924);
#919 = CYLINDRICAL_SURFACE('',#920,2.);
#920 = AXIS2_PLACEMENT_3D('',#921,#922,#923);
#921 = CARTESIAN_POINT('',(21.,-13.,2.));
#922 = DIRECTION('',(-1.,-0.,-0.));
#923 = DIRECTION('',(0.,-1.,0.));
#924 = DEFINITIONAL_REPRESENTATION('',(#925),#928);
#925 = B_SPLINE_CURVE_WITH_KNOTS('',1,(#926,#927),.UNSPECIFIED.,.F.,.F.,
  (2,2),(0.,1.570796326795),.PIECEWISE_BEZIER_KNOTS.);
#926 = CARTESIAN_POINT('',(0.,42.));
#927 = CARTESIAN_POINT('',(-1.570796326795,42.));
#928 = ( GEOMETRIC_REPRESENTATION_CONTEXT(2) 
PARAMETRIC_REPRESENTATION_CONTEXT() REPRESENTATION_CONTEXT('2D SPACE',''
  ) );
#929 = ORIENTED_EDGE('',*,*,#525,.T.);
#930 = ORIENTED_EDGE('',*,*,#689,.T.);
#931 = ORIENTED_EDGE('',*,*,#932,.F.);
#932 = EDGE_CURVE('',#904,#690,#933,.T.);
#933 = SURFACE_CURVE('',#934,(#939,#946),.PCURVE_S1.);
#934 = CIRCLE('',#935,2.);
#935 = AXIS2_PLACEMENT_3D('',#936,#937,#938);
#936 = CARTESIAN_POINT('',(-21.,-11.,0.));
#937 = DIRECTION('',(-0.,-0.,-1.));
#938 = DIRECTION('',(0.,-1.,0.));
#939 = PCURVE('',#542,#940);
#940 = DEFINITIONAL_REPRESENTATION('',(#941),#945);
#941 = LINE('',#942,#943);
#942 = CARTESIAN_POINT('',(0.,1.570796326795));
#943 = VECTOR('',#944,1.);
#944 = DIRECTION('',(1.,0.));
#945 = ( GEOMETRIC_REPRESENTATION_CONTEXT(2) 
PARAMETRIC_REPRESENTATION_CONTEXT() REPRESENTATION_CONTEXT('2D SPACE',''
  ) );
#946 = PCURVE('',#727,#947);
#947 = DEFINITIONAL_REPRESENTATION('',(#948),#956);
#948 = ( BOUNDED_CURVE() B_SPLINE_CURVE(2,(#949,#950,#951,#952,#953,#954
,#955),.UNSPECIFIED.,.T.,.F.) B_SPLINE_CURVE_WITH_KNOTS((1,2,2,2,2,1),(
    -2.094395102393,0.,2.094395102393,4.188790204786,6.28318530718,
8.377580409573),.UNSPECIFIED.) CURVE() GEOMETRIC_REPRESENTATION_ITEM() 
RATIONAL_B_SPLINE_CURVE((1.,0.5,1.,0.5,1.,0.5,1.)) REPRESENTATION_ITEM(
  '') );
#949 = CARTESIAN_POINT('',(4.,2.));
#950 = CARTESIAN_POINT('',(0.535898384862,2.));
#951 = CARTESIAN_POINT('',(2.267949192431,5.));
#952 = CARTESIAN_POINT('',(4.,8.));
#953 = CARTESIAN_POINT('',(5.732050807569,5.));
#954 = CARTESIAN_POINT('',(7.464101615138,2.));
#955 = CARTESIAN_POINT('',(4.,2.));
#956 = ( GEOMETRIC_REPRESENTATION_CONTEXT(2) 
PARAMETRIC_REPRESENTATION_CONTEXT() REPRESENTATION_CONTEXT('2D SPACE',''
  ) );
#957 = ADVANCED_FACE('',(#958),#570,.F.);
#958 = FACE_BOUND('',#959,.F.);
#959 = EDGE_LOOP('',(#960,#961,#984,#1012));
#960 = ORIENTED_EDGE('',*,*,#554,.T.);
#961 = ORIENTED_EDGE('',*,*,#962,.F.);
#962 = EDGE_CURVE('',#963,#555,#965,.T.);
#963 = VERTEX_POINT('',#964);
#964 = CARTESIAN_POINT('',(21.,-15.,4.));
#965 = SURFACE_CURVE('',#966,(#970,#977),.PCURVE_S1.);
#966 = LINE('',#967,#968);
#967 = CARTESIAN_POINT('',(21.,-15.,4.));
#968 = VECTOR('',#969,1.);
#969 = DIRECTION('',(-1.,-0.,-0.));
#970 = PCURVE('',#570,#971);
#971 = DEFINITIONAL_REPRESENTATION('',(#972),#976);
#972 = LINE('',#973,#974);
#973 = CARTESIAN_POINT('',(4.,46.));
#974 = VECTOR('',#975,1.);
#975 = DIRECTION('',(-0.,-1.));
#976 = ( GEOMETRIC_REPRESENTATION_CONTEXT(2) 
PARAMETRIC_REPRESENTATION_CONTEXT() REPRESENTATION_CONTEXT('2D SPACE',''
  ) );
#977 = PCURVE('',#861,#978);
#978 = DEFINITIONAL_REPRESENTATION('',(#979),#983);
#979 = LINE('',#980,#981);
#980 = CARTESIAN_POINT('',(0.,-0.707106781187));
#981 = VECTOR('',#982,1.);
#982 = DIRECTION('',(1.,0.));
#983 = ( GEOMETRIC_REPRESENTATION_CONTEXT(2) 
PARAMETRIC_REPRESENTATION_CONTEXT() REPRESENTATION_CONTEXT('2D SPACE',''
  ) );
#984 = ORIENTED_EDGE('',*,*,#985,.F.);
#985 = EDGE_CURVE('',#986,#963,#988,.T.);
#986 = VERTEX_POINT('',#987);
#987 = CARTESIAN_POINT('',(21.,-15.,2.));
#988 = SURFACE_CURVE('',#989,(#993,#1000),.PCURVE_S1.);
#989 = LINE('',#990,#991);
#990 = CARTESIAN_POINT('',(21.,-15.,0.));
#991 = VECTOR('',#992,1.);
#992 = DIRECTION('',(0.,0.,1.));
#993 = PCURVE('',#570,#994);
#994 = DEFINITIONAL_REPRESENTATION('',(#995),#999);
#995 = LINE('',#996,#997);
#996 = CARTESIAN_POINT('',(0.,46.));
#997 = VECTOR('',#998,1.);
#998 = DIRECTION('',(1.,0.));
#999 = ( GEOMETRIC_REPRESENTATION_CONTEXT(2) 
PARAMETRIC_REPRESENTATION_CONTEXT() REPRESENTATION_CONTEXT('2D SPACE',''
  ) );
#1000 = PCURVE('',#1001,#1006);
#1001 = CYLINDRICAL_SURFACE('',#1002,4.);
#1002 = AXIS2_PLACEMENT_3D('',#1003,#1004,#1005);
#1003 = CARTESIAN_POINT('',(21.,-11.,0.));
#1004 = DIRECTION('',(0.,0.,1.));
#1005 = DIRECTION('',(1.,0.,-0.));
#1006 = DEFINITIONAL_REPRESENTATION('',(#1007),#1011);
#1007 = LINE('',#1008,#1009);
#1008 = CARTESIAN_POINT('',(-1.570796326795,0.));
#1009 = VECTOR('',#1010,1.);
#1010 = DIRECTION('',(-0.,1.));
#1011 = ( GEOMETRIC_REPRESENTATION_CONTEXT(2) 
PARAMETRIC_REPRESENTATION_CONTEXT() REPRESENTATION_CONTEXT('2D SPACE',''
  ) );
#1012 = ORIENTED_EDGE('',*,*,#1013,.T.);
#1013 = EDGE_CURVE('',#986,#526,#1014,.T.);
#1014 = SURFACE_CURVE('',#1015,(#1019,#1026),.PCURVE_S1.);
#1015 = LINE('',#1016,#1017);
#1016 = CARTESIAN_POINT('',(21.,-15.,2.));
#1017 = VECTOR('',#1018,1.);
#1018 = DIRECTION('',(-1.,-0.,-0.));
#1019 = PCURVE('',#570,#1020);
#1020 = DEFINITIONAL_REPRESENTATION('',(#1021),#1025);
#1021 = LINE('',#1022,#1023);
#1022 = CARTESIAN_POINT('',(2.,46.));
#1023 = VECTOR('',#1024,1.);
#1024 = DIRECTION('',(-0.,-1.));
#1025 = ( GEOMETRIC_REPRESENTATION_CONTEXT(2) 
PARAMETRIC_REPRESENTATION_CONTEXT() REPRESENTATION_CONTEXT('2D SPACE',''
  ) );
#1026 = PCURVE('',#919,#1027);
#1027 = DEFINITIONAL_REPRESENTATION('',(#1028),#1032);
#1028 = LINE('',#1029,#1030);
#1029 = CARTESIAN_POINT('',(-0.,0.));
#1030 = VECTOR('',#1031,1.);
#1031 = DIRECTION('',(-0.,1.));
#1032 = ( GEOMETRIC_REPRESENTATION_CONTEXT(2) 
PARAMETRIC_REPRESENTATION_CONTEXT() REPRESENTATION_CONTEXT('2D SPACE',''
  ) );
#1033 = ADVANCED_FACE('',(#1034),#674,.T.);
#1034 = FACE_BOUND('',#1035,.T.);
#1035 = EDGE_LOOP('',(#1036,#1037,#1038,#1061,#1089,#1117,#1145,#1173,
    #1201,#1229));
#1036 = ORIENTED_EDGE('',*,*,#660,.F.);
#1037 = ORIENTED_EDGE('',*,*,#874,.F.);
#1038 = ORIENTED_EDGE('',*,*,#1039,.F.);
#1039 = EDGE_CURVE('',#1040,#847,#1042,.T.);
#1040 = VERTEX_POINT('',#1041);
#1041 = CARTESIAN_POINT('',(-10.3,-14.,5.));
#1042 = SURFACE_CURVE('',#1043,(#1047,#1054),.PCURVE_S1.);
#1043 = LINE('',#1044,#1045);
#1044 = CARTESIAN_POINT('',(21.,-14.,5.));
#1045 = VECTOR('',#1046,1.);
#1046 = DIRECTION('',(-1.,-0.,-0.));
#1047 = PCURVE('',#674,#1048);
#1048 = DEFINITIONAL_REPRESENTATION('',(#1049),#1053);
#1049 = LINE('',#1050,#1051);
#1050 = CARTESIAN_POINT('',(46.,1.));
#1051 = VECTOR('',#1052,1.);
#1052 = DIRECTION('',(-1.,-0.));
#1053 = ( GEOMETRIC_REPRESENTATION_CONTEXT(2) 
PARAMETRIC_REPRESENTATION_CONTEXT() REPRESENTATION_CONTEXT('2D SPACE',''
  ) );
#1054 = PCURVE('',#861,#1055);
#1055 = DEFINITIONAL_REPRESENTATION('',(#1056),#1060);
#1056 = LINE('',#1057,#1058);
#1057 = CARTESIAN_POINT('',(0.,0.707106781187));
#1058 = VECTOR('',#1059,1.);
#1059 = DIRECTION('',(1.,0.));
#1060 = ( GEOMETRIC_REPRESENTATION_CONTEXT(2) 
PARAMETRIC_REPRESENTATION_CONTEXT() REPRESENTATION_CONTEXT('2D SPACE',''
  ) );
#1061 = ORIENTED_EDGE('',*,*,#1062,.F.);
#1062 = EDGE_CURVE('',#1063,#1040,#1065,.T.);
#1063 = VERTEX_POINT('',#1064);
#1064 = CARTESIAN_POINT('',(-10.3,-6.,5.));
#1065 = SURFACE_CURVE('',#1066,(#1070,#1077),.PCURVE_S1.);
#1066 = LINE('',#1067,#1068);
#1067 = CARTESIAN_POINT('',(-10.3,-6.,5.));
#1068 = VECTOR('',#1069,1.);
#1069 = DIRECTION('',(0.,-1.,0.));
#1070 = PCURVE('',#674,#1071);
#1071 = DEFINITIONAL_REPRESENTATION('',(#1072),#1076);
#1072 = LINE('',#1073,#1074);
#1073 = CARTESIAN_POINT('',(14.7,9.));
#1074 = VECTOR('',#1075,1.);
#1075 = DIRECTION('',(0.,-1.));
#1076 = ( GEOMETRIC_REPRESENTATION_CONTEXT(2) 
PARAMETRIC_REPRESENTATION_CONTEXT() REPRESENTATION_CONTEXT('2D SPACE',''
  ) );
#1077 = PCURVE('',#1078,#1083);
#1078 = PLANE('',#1079);
#1079 = AXIS2_PLACEMENT_3D('',#1080,#1081,#1082);
#1080 = CARTESIAN_POINT('',(-10.3,-8.385164807135,13.385164807135));
#1081 = DIRECTION('',(-1.,-0.,-0.));
#1082 = DIRECTION('',(0.,0.,-1.));
#1083 = DEFINITIONAL_REPRESENTATION('',(#1084),#1088);
#1084 = LINE('',#1085,#1086);
#1085 = CARTESIAN_POINT('',(8.385164807135,-2.385164807135));
#1086 = VECTOR('',#1087,1.);
#1087 = DIRECTION('',(0.,1.));
#1088 = ( GEOMETRIC_REPRESENTATION_CONTEXT(2) 
PARAMETRIC_REPRESENTATION_CONTEXT() REPRESENTATION_CONTEXT('2D SPACE',''
  ) );
#1089 = ORIENTED_EDGE('',*,*,#1090,.F.);
#1090 = EDGE_CURVE('',#1091,#1063,#1093,.T.);
#1091 = VERTEX_POINT('',#1092);
#1092 = CARTESIAN_POINT('',(-13.,-6.,5.));
#1093 = SURFACE_CURVE('',#1094,(#1098,#1105),.PCURVE_S1.);
#1094 = LINE('',#1095,#1096);
#1095 = CARTESIAN_POINT('',(-13.,-6.,5.));
#1096 = VECTOR('',#1097,1.);
#1097 = DIRECTION('',(1.,0.,0.));
#1098 = PCURVE('',#674,#1099);
#1099 = DEFINITIONAL_REPRESENTATION('',(#1100),#1104);
#1100 = LINE('',#1101,#1102);
#1101 = CARTESIAN_POINT('',(12.,9.));
#1102 = VECTOR('',#1103,1.);
#1103 = DIRECTION('',(1.,0.));
#1104 = ( GEOMETRIC_REPRESENTATION_CONTEXT(2) 
PARAMETRIC_REPRESENTATION_CONTEXT() REPRESENTATION_CONTEXT('2D SPACE',''
  ) );
#1105 = PCURVE('',#1106,#1111);
#1106 = PLANE('',#1107);
#1107 = AXIS2_PLACEMENT_3D('',#1108,#1109,#1110);
#1108 = CARTESIAN_POINT('',(-13.,-6.,5.));
#1109 = DIRECTION('',(0.,1.,0.));
#1110 = DIRECTION('',(0.,0.,1.));
#1111 = DEFINITIONAL_REPRESENTATION('',(#1112),#1116);
#1112 = LINE('',#1113,#1114);
#1113 = CARTESIAN_POINT('',(0.,0.));
#1114 = VECTOR('',#1115,1.);
#1115 = DIRECTION('',(0.,1.));
#1116 = ( GEOMETRIC_REPRESENTATION_CONTEXT(2) 
PARAMETRIC_REPRESENTATION_CONTEXT() REPRESENTATION_CONTEXT('2D SPACE',''
  ) );
#1117 = ORIENTED_EDGE('',*,*,#1118,.T.);
#1118 = EDGE_CURVE('',#1091,#1119,#1121,.T.);
#1119 = VERTEX_POINT('',#1120);
#1120 = CARTESIAN_POINT('',(-13.,6.,5.));
#1121 = SURFACE_CURVE('',#1122,(#1126,#1133),.PCURVE_S1.);
#1122 = LINE('',#1123,#1124);
#1123 = CARTESIAN_POINT('',(-13.,-6.,5.));
#1124 = VECTOR('',#1125,1.);
#1125 = DIRECTION('',(0.,1.,0.));
#1126 = PCURVE('',#674,#1127);
#1127 = DEFINITIONAL_REPRESENTATION('',(#1128),#1132);
#1128 = LINE('',#1129,#1130);
#1129 = CARTESIAN_POINT('',(12.,9.));
#1130 = VECTOR('',#1131,1.);
#1131 = DIRECTION('',(0.,1.));
#1132 = ( GEOMETRIC_REPRESENTATION_CONTEXT(2) 
PARAMETRIC_REPRESENTATION_CONTEXT() REPRESENTATION_CONTEXT('2D SPACE',''
  ) );
#1133 = PCURVE('',#1134,#1139);
#1134 = PLANE('',#1135);
#1135 = AXIS2_PLACEMENT_3D('',#1136,#1137,#1138);
#1136 = CARTESIAN_POINT('',(-13.,-6.,5.));
#1137 = DIRECTION('',(1.,0.,0.));
#1138 = DIRECTION('',(0.,0.,1.));
#1139 = DEFINITIONAL_REPRESENTATION('',(#1140),#1144);
#1140 = LINE('',#1141,#1142);
#1141 = CARTESIAN_POINT('',(0.,0.));
#1142 = VECTOR('',#1143,1.);
#1143 = DIRECTION('',(0.,-1.));
#1144 = ( GEOMETRIC_REPRESENTATION_CONTEXT(2) 
PARAMETRIC_REPRESENTATION_CONTEXT() REPRESENTATION_CONTEXT('2D SPACE',''
  ) );
#1145 = ORIENTED_EDGE('',*,*,#1146,.T.);
#1146 = EDGE_CURVE('',#1119,#1147,#1149,.T.);
#1147 = VERTEX_POINT('',#1148);
#1148 = CARTESIAN_POINT('',(-10.3,6.,5.));
#1149 = SURFACE_CURVE('',#1150,(#1154,#1161),.PCURVE_S1.);
#1150 = LINE('',#1151,#1152);
#1151 = CARTESIAN_POINT('',(-13.,6.,5.));
#1152 = VECTOR('',#1153,1.);
#1153 = DIRECTION('',(1.,0.,0.));
#1154 = PCURVE('',#674,#1155);
#1155 = DEFINITIONAL_REPRESENTATION('',(#1156),#1160);
#1156 = LINE('',#1157,#1158);
#1157 = CARTESIAN_POINT('',(12.,21.));
#1158 = VECTOR('',#1159,1.);
#1159 = DIRECTION('',(1.,0.));
#1160 = ( GEOMETRIC_REPRESENTATION_CONTEXT(2) 
PARAMETRIC_REPRESENTATION_CONTEXT() REPRESENTATION_CONTEXT('2D SPACE',''
  ) );
#1161 = PCURVE('',#1162,#1167);
#1162 = PLANE('',#1163);
#1163 = AXIS2_PLACEMENT_3D('',#1164,#1165,#1166);
#1164 = CARTESIAN_POINT('',(-13.,6.,5.));
#1165 = DIRECTION('',(0.,1.,0.));
#1166 = DIRECTION('',(0.,0.,1.));
#1167 = DEFINITIONAL_REPRESENTATION('',(#1168),#1172);
#1168 = LINE('',#1169,#1170);
#1169 = CARTESIAN_POINT('',(0.,0.));
#1170 = VECTOR('',#1171,1.);
#1171 = DIRECTION('',(0.,1.));
#1172 = ( GEOMETRIC_REPRESENTATION_CONTEXT(2) 
PARAMETRIC_REPRESENTATION_CONTEXT() REPRESENTATION_CONTEXT('2D SPACE',''
  ) );
#1173 = ORIENTED_EDGE('',*,*,#1174,.T.);
#1174 = EDGE_CURVE('',#1147,#1175,#1177,.T.);
#1175 = VERTEX_POINT('',#1176);
#1176 = CARTESIAN_POINT('',(-10.3,14.,5.));
#1177 = SURFACE_CURVE('',#1178,(#1182,#1189),.PCURVE_S1.);
#1178 = LINE('',#1179,#1180);
#1179 = CARTESIAN_POINT('',(-10.3,6.,5.));
#1180 = VECTOR('',#1181,1.);
#1181 = DIRECTION('',(0.,1.,0.));
#1182 = PCURVE('',#674,#1183);
#1183 = DEFINITIONAL_REPRESENTATION('',(#1184),#1188);
#1184 = LINE('',#1185,#1186);
#1185 = CARTESIAN_POINT('',(14.7,21.));
#1186 = VECTOR('',#1187,1.);
#1187 = DIRECTION('',(0.,1.));
#1188 = ( GEOMETRIC_REPRESENTATION_CONTEXT(2) 
PARAMETRIC_REPRESENTATION_CONTEXT() REPRESENTATION_CONTEXT('2D SPACE',''
  ) );
#1189 = PCURVE('',#1190,#1195);
#1190 = PLANE('',#1191);
#1191 = AXIS2_PLACEMENT_3D('',#1192,#1193,#1194);
#1192 = CARTESIAN_POINT('',(-10.3,8.385164807135,13.385164807135));
#1193 = DIRECTION('',(1.,0.,0.));
#1194 = DIRECTION('',(-0.,0.,1.));
#1195 = DEFINITIONAL_REPRESENTATION('',(#1196),#1200);
#1196 = LINE('',#1197,#1198);
#1197 = CARTESIAN_POINT('',(-8.385164807135,2.385164807135));
#1198 = VECTOR('',#1199,1.);
#1199 = DIRECTION('',(0.,-1.));
#1200 = ( GEOMETRIC_REPRESENTATION_CONTEXT(2) 
PARAMETRIC_REPRESENTATION_CONTEXT() REPRESENTATION_CONTEXT('2D SPACE',''
  ) );
#1201 = ORIENTED_EDGE('',*,*,#1202,.F.);
#1202 = EDGE_CURVE('',#1203,#1175,#1205,.T.);
#1203 = VERTEX_POINT('',#1204);
#1204 = CARTESIAN_POINT('',(-21.,14.,5.));
#1205 = SURFACE_CURVE('',#1206,(#1210,#1217),.PCURVE_S1.);
#1206 = LINE('',#1207,#1208);
#1207 = CARTESIAN_POINT('',(-21.,14.,5.));
#1208 = VECTOR('',#1209,1.);
#1209 = DIRECTION('',(1.,0.,0.));
#1210 = PCURVE('',#674,#1211);
#1211 = DEFINITIONAL_REPRESENTATION('',(#1212),#1216);
#1212 = LINE('',#1213,#1214);
#1213 = CARTESIAN_POINT('',(4.,29.));
#1214 = VECTOR('',#1215,1.);
#1215 = DIRECTION('',(1.,0.));
#1216 = ( GEOMETRIC_REPRESENTATION_CONTEXT(2) 
PARAMETRIC_REPRESENTATION_CONTEXT() REPRESENTATION_CONTEXT('2D SPACE',''
  ) );
#1217 = PCURVE('',#1218,#1223);
#1218 = PLANE('',#1219);
#1219 = AXIS2_PLACEMENT_3D('',#1220,#1221,#1222);
#1220 = CARTESIAN_POINT('',(-21.,14.5,4.5));
#1221 = DIRECTION('',(0.,0.707106781187,0.707106781187));
#1222 = DIRECTION('',(-1.,-0.,0.));
#1223 = DEFINITIONAL_REPRESENTATION('',(#1224),#1228);
#1224 = LINE('',#1225,#1226);
#1225 = CARTESIAN_POINT('',(-0.,0.707106781187));
#1226 = VECTOR('',#1227,1.);
#1227 = DIRECTION('',(-1.,0.));
#1228 = ( GEOMETRIC_REPRESENTATION_CONTEXT(2) 
PARAMETRIC_REPRESENTATION_CONTEXT() REPRESENTATION_CONTEXT('2D SPACE',''
  ) );
#1229 = ORIENTED_EDGE('',*,*,#1230,.F.);
#1230 = EDGE_CURVE('',#635,#1203,#1231,.T.);
#1231 = SURFACE_CURVE('',#1232,(#1237,#1248),.PCURVE_S1.);
#1232 = CIRCLE('',#1233,3.);
#1233 = AXIS2_PLACEMENT_3D('',#1234,#1235,#1236);
#1234 = CARTESIAN_POINT('',(-21.,11.,5.));
#1235 = DIRECTION('',(-0.,0.,-1.));
#1236 = DIRECTION('',(-1.,0.,0.));
#1237 = PCURVE('',#674,#1238);
#1238 = DEFINITIONAL_REPRESENTATION('',(#1239),#1247);
#1239 = ( BOUNDED_CURVE() B_SPLINE_CURVE(2,(#1240,#1241,#1242,#1243,
#1244,#1245,#1246),.UNSPECIFIED.,.T.,.F.) B_SPLINE_CURVE_WITH_KNOTS((1,2
    ,2,2,2,1),(-2.094395102393,0.,2.094395102393,4.188790204786,
6.28318530718,8.377580409573),.UNSPECIFIED.) CURVE() 
GEOMETRIC_REPRESENTATION_ITEM() RATIONAL_B_SPLINE_CURVE((1.,0.5,1.,0.5,
1.,0.5,1.)) REPRESENTATION_ITEM('') );
#1240 = CARTESIAN_POINT('',(1.,26.));
#1241 = CARTESIAN_POINT('',(1.,31.196152422707));
#1242 = CARTESIAN_POINT('',(5.5,28.598076211353));
#1243 = CARTESIAN_POINT('',(10.,26.));
#1244 = CARTESIAN_POINT('',(5.5,23.401923788647));
#1245 = CARTESIAN_POINT('',(1.,20.803847577293));
#1246 = CARTESIAN_POINT('',(1.,26.));
#1247 = ( GEOMETRIC_REPRESENTATION_CONTEXT(2) 
PARAMETRIC_REPRESENTATION_CONTEXT() REPRESENTATION_CONTEXT('2D SPACE',''
  ) );
#1248 = PCURVE('',#649,#1249);
#1249 = DEFINITIONAL_REPRESENTATION('',(#1250),#1254);
#1250 = LINE('',#1251,#1252);
#1251 = CARTESIAN_POINT('',(0.,-1.));
#1252 = VECTOR('',#1253,1.);
#1253 = DIRECTION('',(1.,-0.));
#1254 = ( GEOMETRIC_REPRESENTATION_CONTEXT(2) 
PARAMETRIC_REPRESENTATION_CONTEXT() REPRESENTATION_CONTEXT('2D SPACE',''
  ) );
#1255 = ADVANCED_FACE('',(#1256),#649,.T.);
#1256 = FACE_BOUND('',#1257,.F.);
#1257 = EDGE_LOOP('',(#1258,#1259,#1260,#1279));
#1258 = ORIENTED_EDGE('',*,*,#634,.F.);
#1259 = ORIENTED_EDGE('',*,*,#821,.T.);
#1260 = ORIENTED_EDGE('',*,*,#1261,.T.);
#1261 = EDGE_CURVE('',#794,#1203,#1262,.T.);
#1262 = SURFACE_CURVE('',#1263,(#1267,#1273),.PCURVE_S1.);
#1263 = LINE('',#1264,#1265);
#1264 = CARTESIAN_POINT('',(-21.,15.,4.));
#1265 = VECTOR('',#1266,1.);
#1266 = DIRECTION('',(4.329780281177E-17,-0.707106781187,0.707106781187)
  );
#1267 = PCURVE('',#649,#1268);
#1268 = DEFINITIONAL_REPRESENTATION('',(#1269),#1272);
#1269 = B_SPLINE_CURVE_WITH_KNOTS('',1,(#1270,#1271),.UNSPECIFIED.,.F.,
  .F.,(2,2),(0.,1.414213562373),.PIECEWISE_BEZIER_KNOTS.);
#1270 = CARTESIAN_POINT('',(1.570796326795,0.));
#1271 = CARTESIAN_POINT('',(1.570796326795,-1.));
#1272 = ( GEOMETRIC_REPRESENTATION_CONTEXT(2) 
PARAMETRIC_REPRESENTATION_CONTEXT() REPRESENTATION_CONTEXT('2D SPACE',''
  ) );
#1273 = PCURVE('',#1218,#1274);
#1274 = DEFINITIONAL_REPRESENTATION('',(#1275),#1278);
#1275 = B_SPLINE_CURVE_WITH_KNOTS('',1,(#1276,#1277),.UNSPECIFIED.,.F.,
  .F.,(2,2),(0.,1.414213562373),.PIECEWISE_BEZIER_KNOTS.);
#1276 = CARTESIAN_POINT('',(0.,-0.707106781187));
#1277 = CARTESIAN_POINT('',(0.,0.707106781187));
#1278 = ( GEOMETRIC_REPRESENTATION_CONTEXT(2) 
PARAMETRIC_REPRESENTATION_CONTEXT() REPRESENTATION_CONTEXT('2D SPACE',''
  ) );
#1279 = ORIENTED_EDGE('',*,*,#1230,.F.);
#1280 = ADVANCED_FACE('',(#1281),#727,.F.);
#1281 = FACE_BOUND('',#1282,.F.);
#1282 = EDGE_LOOP('',(#1283,#1284,#1285,#1308,#1341,#1369,#1402,#1430));
#1283 = ORIENTED_EDGE('',*,*,#711,.F.);
#1284 = ORIENTED_EDGE('',*,*,#932,.F.);
#1285 = ORIENTED_EDGE('',*,*,#1286,.F.);
#1286 = EDGE_CURVE('',#1287,#904,#1289,.T.);
#1287 = VERTEX_POINT('',#1288);
#1288 = CARTESIAN_POINT('',(21.,-13.,0.));
#1289 = SURFACE_CURVE('',#1290,(#1294,#1301),.PCURVE_S1.);
#1290 = LINE('',#1291,#1292);
#1291 = CARTESIAN_POINT('',(21.,-13.,-4.440892098501E-16));
#1292 = VECTOR('',#1293,1.);
#1293 = DIRECTION('',(-1.,-0.,-0.));
#1294 = PCURVE('',#727,#1295);
#1295 = DEFINITIONAL_REPRESENTATION('',(#1296),#1300);
#1296 = LINE('',#1297,#1298);
#1297 = CARTESIAN_POINT('',(46.,2.));
#1298 = VECTOR('',#1299,1.);
#1299 = DIRECTION('',(-1.,-0.));
#1300 = ( GEOMETRIC_REPRESENTATION_CONTEXT(2) 
PARAMETRIC_REPRESENTATION_CONTEXT() REPRESENTATION_CONTEXT('2D SPACE',''
  ) );
#1301 = PCURVE('',#919,#1302);
#1302 = DEFINITIONAL_REPRESENTATION('',(#1303),#1307);
#1303 = LINE('',#1304,#1305);
#1304 = CARTESIAN_POINT('',(-1.570796326795,0.));
#1305 = VECTOR('',#1306,1.);
#1306 = DIRECTION('',(-0.,1.));
#1307 = ( GEOMETRIC_REPRESENTATION_CONTEXT(2) 
PARAMETRIC_REPRESENTATION_CONTEXT() REPRESENTATION_CONTEXT('2D SPACE',''
  ) );
#1308 = ORIENTED_EDGE('',*,*,#1309,.F.);
#1309 = EDGE_CURVE('',#1310,#1287,#1312,.T.);
#1310 = VERTEX_POINT('',#1311);
#1311 = CARTESIAN_POINT('',(23.,-11.,-4.440892098501E-16));
#1312 = SURFACE_CURVE('',#1313,(#1318,#1329),.PCURVE_S1.);
#1313 = CIRCLE('',#1314,2.);
#1314 = AXIS2_PLACEMENT_3D('',#1315,#1316,#1317);
#1315 = CARTESIAN_POINT('',(21.,-11.,0.));
#1316 = DIRECTION('',(0.,-0.,-1.));
#1317 = DIRECTION('',(1.,0.,-0.));
#1318 = PCURVE('',#727,#1319);
#1319 = DEFINITIONAL_REPRESENTATION('',(#1320),#1328);
#1320 = ( BOUNDED_CURVE() B_SPLINE_CURVE(2,(#1321,#1322,#1323,#1324,
#1325,#1326,#1327),.UNSPECIFIED.,.T.,.F.) B_SPLINE_CURVE_WITH_KNOTS((1,2
    ,2,2,2,1),(-2.094395102393,0.,2.094395102393,4.188790204786,
6.28318530718,8.377580409573),.UNSPECIFIED.) CURVE() 
GEOMETRIC_REPRESENTATION_ITEM() RATIONAL_B_SPLINE_CURVE((1.,0.5,1.,0.5,
1.,0.5,1.)) REPRESENTATION_ITEM('') );
#1321 = CARTESIAN_POINT('',(48.,4.));
#1322 = CARTESIAN_POINT('',(48.,0.535898384862));
#1323 = CARTESIAN_POINT('',(45.,2.267949192431));
#1324 = CARTESIAN_POINT('',(42.,4.));
#1325 = CARTESIAN_POINT('',(45.,5.732050807569));
#1326 = CARTESIAN_POINT('',(48.,7.464101615138));
#1327 = CARTESIAN_POINT('',(48.,4.));
#1328 = ( GEOMETRIC_REPRESENTATION_CONTEXT(2) 
PARAMETRIC_REPRESENTATION_CONTEXT() REPRESENTATION_CONTEXT('2D SPACE',''
  ) );
#1329 = PCURVE('',#1330,#1335);
#1330 = TOROIDAL_SURFACE('',#1331,2.,2.);
#1331 = AXIS2_PLACEMENT_3D('',#1332,#1333,#1334);
#1332 = CARTESIAN_POINT('',(21.,-11.,2.));
#1333 = DIRECTION('',(-0.,-0.,-1.));
#1334 = DIRECTION('',(1.,0.,-0.));
#1335 = DEFINITIONAL_REPRESENTATION('',(#1336),#1340);
#1336 = LINE('',#1337,#1338);
#1337 = CARTESIAN_POINT('',(0.,1.570796326795));
#1338 = VECTOR('',#1339,1.);
#1339 = DIRECTION('',(1.,0.));
#1340 = ( GEOMETRIC_REPRESENTATION_CONTEXT(2) 
PARAMETRIC_REPRESENTATION_CONTEXT() REPRESENTATION_CONTEXT('2D SPACE',''
  ) );
#1341 = ORIENTED_EDGE('',*,*,#1342,.F.);
#1342 = EDGE_CURVE('',#1343,#1310,#1345,.T.);
#1343 = VERTEX_POINT('',#1344);
#1344 = CARTESIAN_POINT('',(23.,11.,0.));
#1345 = SURFACE_CURVE('',#1346,(#1350,#1357),.PCURVE_S1.);
#1346 = LINE('',#1347,#1348);
#1347 = CARTESIAN_POINT('',(23.,11.,-4.440892098501E-16));
#1348 = VECTOR('',#1349,1.);
#1349 = DIRECTION('',(-0.,-1.,-0.));
#1350 = PCURVE('',#727,#1351);
#1351 = DEFINITIONAL_REPRESENTATION('',(#1352),#1356);
#1352 = LINE('',#1353,#1354);
#1353 = CARTESIAN_POINT('',(48.,26.));
#1354 = VECTOR('',#1355,1.);
#1355 = DIRECTION('',(-0.,-1.));
#1356 = ( GEOMETRIC_REPRESENTATION_CONTEXT(2) 
PARAMETRIC_REPRESENTATION_CONTEXT() REPRESENTATION_CONTEXT('2D SPACE',''
  ) );
#1357 = PCURVE('',#1358,#1363);
#1358 = CYLINDRICAL_SURFACE('',#1359,2.);
#1359 = AXIS2_PLACEMENT_3D('',#1360,#1361,#1362);
#1360 = CARTESIAN_POINT('',(23.,11.,2.));
#1361 = DIRECTION('',(-0.,-1.,-0.));
#1362 = DIRECTION('',(1.,0.,-0.));
#1363 = DEFINITIONAL_REPRESENTATION('',(#1364),#1368);
#1364 = LINE('',#1365,#1366);
#1365 = CARTESIAN_POINT('',(-1.570796326795,0.));
#1366 = VECTOR('',#1367,1.);
#1367 = DIRECTION('',(-0.,1.));
#1368 = ( GEOMETRIC_REPRESENTATION_CONTEXT(2) 
PARAMETRIC_REPRESENTATION_CONTEXT() REPRESENTATION_CONTEXT('2D SPACE',''
  ) );
#1369 = ORIENTED_EDGE('',*,*,#1370,.F.);
#1370 = EDGE_CURVE('',#1371,#1343,#1373,.T.);
#1371 = VERTEX_POINT('',#1372);
#1372 = CARTESIAN_POINT('',(21.,13.,-4.440892098501E-16));
#1373 = SURFACE_CURVE('',#1374,(#1379,#1390),.PCURVE_S1.);
#1374 = CIRCLE('',#1375,2.);
#1375 = AXIS2_PLACEMENT_3D('',#1376,#1377,#1378);
#1376 = CARTESIAN_POINT('',(21.,11.,0.));
#1377 = DIRECTION('',(0.,-0.,-1.));
#1378 = DIRECTION('',(0.,1.,-0.));
#1379 = PCURVE('',#727,#1380);
#1380 = DEFINITIONAL_REPRESENTATION('',(#1381),#1389);
#1381 = ( BOUNDED_CURVE() B_SPLINE_CURVE(2,(#1382,#1383,#1384,#1385,
#1386,#1387,#1388),.UNSPECIFIED.,.T.,.F.) B_SPLINE_CURVE_WITH_KNOTS((1,2
    ,2,2,2,1),(-2.094395102393,0.,2.094395102393,4.188790204786,
6.28318530718,8.377580409573),.UNSPECIFIED.) CURVE() 
GEOMETRIC_REPRESENTATION_ITEM() RATIONAL_B_SPLINE_CURVE((1.,0.5,1.,0.5,
1.,0.5,1.)) REPRESENTATION_ITEM('') );
#1382 = CARTESIAN_POINT('',(46.,28.));
#1383 = CARTESIAN_POINT('',(49.464101615138,28.));
#1384 = CARTESIAN_POINT('',(47.732050807569,25.));
#1385 = CARTESIAN_POINT('',(46.,22.));
#1386 = CARTESIAN_POINT('',(44.267949192431,25.));
#1387 = CARTESIAN_POINT('',(42.535898384862,28.));
#1388 = CARTESIAN_POINT('',(46.,28.));
#1389 = ( GEOMETRIC_REPRESENTATION_CONTEXT(2) 
PARAMETRIC_REPRESENTATION_CONTEXT() REPRESENTATION_CONTEXT('2D SPACE',''
  ) );
#1390 = PCURVE('',#1391,#1396);
#1391 = TOROIDAL_SURFACE('',#1392,2.,2.);
#1392 = AXIS2_PLACEMENT_3D('',#1393,#1394,#1395);
#1393 = CARTESIAN_POINT('',(21.,11.,2.));
#1394 = DIRECTION('',(-0.,-0.,-1.));
#1395 = DIRECTION('',(0.,1.,-0.));
#1396 = DEFINITIONAL_REPRESENTATION('',(#1397),#1401);
#1397 = LINE('',#1398,#1399);
#1398 = CARTESIAN_POINT('',(0.,1.570796326795));
#1399 = VECTOR('',#1400,1.);
#1400 = DIRECTION('',(1.,0.));
#1401 = ( GEOMETRIC_REPRESENTATION_CONTEXT(2) 
PARAMETRIC_REPRESENTATION_CONTEXT() REPRESENTATION_CONTEXT('2D SPACE',''
  ) );
#1402 = ORIENTED_EDGE('',*,*,#1403,.F.);
#1403 = EDGE_CURVE('',#1404,#1371,#1406,.T.);
#1404 = VERTEX_POINT('',#1405);
#1405 = CARTESIAN_POINT('',(-21.,13.,0.));
#1406 = SURFACE_CURVE('',#1407,(#1411,#1418),.PCURVE_S1.);
#1407 = LINE('',#1408,#1409);
#1408 = CARTESIAN_POINT('',(-21.,13.,-4.440892098501E-16));
#1409 = VECTOR('',#1410,1.);
#1410 = DIRECTION('',(1.,0.,0.));
#1411 = PCURVE('',#727,#1412);
#1412 = DEFINITIONAL_REPRESENTATION('',(#1413),#1417);
#1413 = LINE('',#1414,#1415);
#1414 = CARTESIAN_POINT('',(4.,28.));
#1415 = VECTOR('',#1416,1.);
#1416 = DIRECTION('',(1.,0.));
#1417 = ( GEOMETRIC_REPRESENTATION_CONTEXT(2) 
PARAMETRIC_REPRESENTATION_CONTEXT() REPRESENTATION_CONTEXT('2D SPACE',''
  ) );
#1418 = PCURVE('',#1419,#1424);
#1419 = CYLINDRICAL_SURFACE('',#1420,2.);
#1420 = AXIS2_PLACEMENT_3D('',#1421,#1422,#1423);
#1421 = CARTESIAN_POINT('',(-21.,13.,2.));
#1422 = DIRECTION('',(1.,0.,0.));
#1423 = DIRECTION('',(-0.,1.,0.));
#1424 = DEFINITIONAL_REPRESENTATION('',(#1425),#1429);
#1425 = LINE('',#1426,#1427);
#1426 = CARTESIAN_POINT('',(-1.570796326795,0.));
#1427 = VECTOR('',#1428,1.);
#1428 = DIRECTION('',(-0.,1.));
#1429 = ( GEOMETRIC_REPRESENTATION_CONTEXT(2) 
PARAMETRIC_REPRESENTATION_CONTEXT() REPRESENTATION_CONTEXT('2D SPACE',''
  ) );
#1430 = ORIENTED_EDGE('',*,*,#1431,.F.);
#1431 = EDGE_CURVE('',#712,#1404,#1432,.T.);
#1432 = SURFACE_CURVE('',#1433,(#1438,#1449),.PCURVE_S1.);
#1433 = CIRCLE('',#1434,2.);
#1434 = AXIS2_PLACEMENT_3D('',#1435,#1436,#1437);
#1435 = CARTESIAN_POINT('',(-21.,11.,0.));
#1436 = DIRECTION('',(-0.,0.,-1.));
#1437 = DIRECTION('',(-1.,0.,0.));
#1438 = PCURVE('',#727,#1439);
#1439 = DEFINITIONAL_REPRESENTATION('',(#1440),#1448);
#1440 = ( BOUNDED_CURVE() B_SPLINE_CURVE(2,(#1441,#1442,#1443,#1444,
#1445,#1446,#1447),.UNSPECIFIED.,.T.,.F.) B_SPLINE_CURVE_WITH_KNOTS((1,2
    ,2,2,2,1),(-2.094395102393,0.,2.094395102393,4.188790204786,
6.28318530718,8.377580409573),.UNSPECIFIED.) CURVE() 
GEOMETRIC_REPRESENTATION_ITEM() RATIONAL_B_SPLINE_CURVE((1.,0.5,1.,0.5,
1.,0.5,1.)) REPRESENTATION_ITEM('') );
#1441 = CARTESIAN_POINT('',(2.,26.));
#1442 = CARTESIAN_POINT('',(2.,29.464101615138));
#1443 = CARTESIAN_POINT('',(5.,27.732050807569));
#1444 = CARTESIAN_POINT('',(8.,26.));
#1445 = CARTESIAN_POINT('',(5.,24.267949192431));
#1446 = CARTESIAN_POINT('',(2.,22.535898384862));
#1447 = CARTESIAN_POINT('',(2.,26.));
#1448 = ( GEOMETRIC_REPRESENTATION_CONTEXT(2) 
PARAMETRIC_REPRESENTATION_CONTEXT() REPRESENTATION_CONTEXT('2D SPACE',''
  ) );
#1449 = PCURVE('',#753,#1450);
#1450 = DEFINITIONAL_REPRESENTATION('',(#1451),#1455);
#1451 = LINE('',#1452,#1453);
#1452 = CARTESIAN_POINT('',(0.,1.570796326795));
#1453 = VECTOR('',#1454,1.);
#1454 = DIRECTION('',(1.,0.));
#1455 = ( GEOMETRIC_REPRESENTATION_CONTEXT(2) 
PARAMETRIC_REPRESENTATION_CONTEXT() REPRESENTATION_CONTEXT('2D SPACE',''
  ) );
#1456 = ADVANCED_FACE('',(#1457),#753,.T.);
#1457 = FACE_BOUND('',#1458,.T.);
#1458 = EDGE_LOOP('',(#1459,#1460,#1461,#1481));
#1459 = ORIENTED_EDGE('',*,*,#739,.F.);
#1460 = ORIENTED_EDGE('',*,*,#769,.T.);
#1461 = ORIENTED_EDGE('',*,*,#1462,.T.);
#1462 = EDGE_CURVE('',#770,#1404,#1463,.T.);
#1463 = SURFACE_CURVE('',#1464,(#1469,#1475),.PCURVE_S1.);
#1464 = CIRCLE('',#1465,2.);
#1465 = AXIS2_PLACEMENT_3D('',#1466,#1467,#1468);
#1466 = CARTESIAN_POINT('',(-21.,13.,2.));
#1467 = DIRECTION('',(-1.,-6.123233995737E-17,0.));
#1468 = DIRECTION('',(-6.123233995737E-17,1.,0.));
#1469 = PCURVE('',#753,#1470);
#1470 = DEFINITIONAL_REPRESENTATION('',(#1471),#1474);
#1471 = B_SPLINE_CURVE_WITH_KNOTS('',1,(#1472,#1473),.UNSPECIFIED.,.F.,
  .F.,(2,2),(0.,1.570796326795),.PIECEWISE_BEZIER_KNOTS.);
#1472 = CARTESIAN_POINT('',(1.570796326795,0.));
#1473 = CARTESIAN_POINT('',(1.570796326795,1.570796326795));
#1474 = ( GEOMETRIC_REPRESENTATION_CONTEXT(2) 
PARAMETRIC_REPRESENTATION_CONTEXT() REPRESENTATION_CONTEXT('2D SPACE',''
  ) );
#1475 = PCURVE('',#1419,#1476);
#1476 = DEFINITIONAL_REPRESENTATION('',(#1477),#1480);
#1477 = B_SPLINE_CURVE_WITH_KNOTS('',1,(#1478,#1479),.UNSPECIFIED.,.F.,
  .F.,(2,2),(0.,1.570796326795),.PIECEWISE_BEZIER_KNOTS.);
#1478 = CARTESIAN_POINT('',(0.,0.));
#1479 = CARTESIAN_POINT('',(-1.570796326795,0.));
#1480 = ( GEOMETRIC_REPRESENTATION_CONTEXT(2) 
PARAMETRIC_REPRESENTATION_CONTEXT() REPRESENTATION_CONTEXT('2D SPACE',''
  ) );
#1481 = ORIENTED_EDGE('',*,*,#1431,.F.);
#1482 = ADVANCED_FACE('',(#1483),#809,.T.);
#1483 = FACE_BOUND('',#1484,.T.);
#1484 = EDGE_LOOP('',(#1485,#1486,#1509,#1537));
#1485 = ORIENTED_EDGE('',*,*,#793,.T.);
#1486 = ORIENTED_EDGE('',*,*,#1487,.T.);
#1487 = EDGE_CURVE('',#794,#1488,#1490,.T.);
#1488 = VERTEX_POINT('',#1489);
#1489 = CARTESIAN_POINT('',(21.,15.,4.));
#1490 = SURFACE_CURVE('',#1491,(#1495,#1502),.PCURVE_S1.);
#1491 = LINE('',#1492,#1493);
#1492 = CARTESIAN_POINT('',(-21.,15.,4.));
#1493 = VECTOR('',#1494,1.);
#1494 = DIRECTION('',(1.,0.,0.));
#1495 = PCURVE('',#809,#1496);
#1496 = DEFINITIONAL_REPRESENTATION('',(#1497),#1501);
#1497 = LINE('',#1498,#1499);
#1498 = CARTESIAN_POINT('',(4.,4.));
#1499 = VECTOR('',#1500,1.);
#1500 = DIRECTION('',(0.,1.));
#1501 = ( GEOMETRIC_REPRESENTATION_CONTEXT(2) 
PARAMETRIC_REPRESENTATION_CONTEXT() REPRESENTATION_CONTEXT('2D SPACE',''
  ) );
#1502 = PCURVE('',#1218,#1503);
#1503 = DEFINITIONAL_REPRESENTATION('',(#1504),#1508);
#1504 = LINE('',#1505,#1506);
#1505 = CARTESIAN_POINT('',(-0.,-0.707106781187));
#1506 = VECTOR('',#1507,1.);
#1507 = DIRECTION('',(-1.,0.));
#1508 = ( GEOMETRIC_REPRESENTATION_CONTEXT(2) 
PARAMETRIC_REPRESENTATION_CONTEXT() REPRESENTATION_CONTEXT('2D SPACE',''
  ) );
#1509 = ORIENTED_EDGE('',*,*,#1510,.F.);
#1510 = EDGE_CURVE('',#1511,#1488,#1513,.T.);
#1511 = VERTEX_POINT('',#1512);
#1512 = CARTESIAN_POINT('',(21.,15.,2.));
#1513 = SURFACE_CURVE('',#1514,(#1518,#1525),.PCURVE_S1.);
#1514 = LINE('',#1515,#1516);
#1515 = CARTESIAN_POINT('',(21.,15.,0.));
#1516 = VECTOR('',#1517,1.);
#1517 = DIRECTION('',(0.,0.,1.));
#1518 = PCURVE('',#809,#1519);
#1519 = DEFINITIONAL_REPRESENTATION('',(#1520),#1524);
#1520 = LINE('',#1521,#1522);
#1521 = CARTESIAN_POINT('',(0.,46.));
#1522 = VECTOR('',#1523,1.);
#1523 = DIRECTION('',(1.,0.));
#1524 = ( GEOMETRIC_REPRESENTATION_CONTEXT(2) 
PARAMETRIC_REPRESENTATION_CONTEXT() REPRESENTATION_CONTEXT('2D SPACE',''
  ) );
#1525 = PCURVE('',#1526,#1531);
#1526 = CYLINDRICAL_SURFACE('',#1527,4.);
#1527 = AXIS2_PLACEMENT_3D('',#1528,#1529,#1530);
#1528 = CARTESIAN_POINT('',(21.,11.,0.));
#1529 = DIRECTION('',(0.,0.,1.));
#1530 = DIRECTION('',(1.,0.,-0.));
#1531 = DEFINITIONAL_REPRESENTATION('',(#1532),#1536);
#1532 = LINE('',#1533,#1534);
#1533 = CARTESIAN_POINT('',(1.570796326795,0.));
#1534 = VECTOR('',#1535,1.);
#1535 = DIRECTION('',(0.,1.));
#1536 = ( GEOMETRIC_REPRESENTATION_CONTEXT(2) 
PARAMETRIC_REPRESENTATION_CONTEXT() REPRESENTATION_CONTEXT('2D SPACE',''
  ) );
#1537 = ORIENTED_EDGE('',*,*,#1538,.F.);
#1538 = EDGE_CURVE('',#770,#1511,#1539,.T.);
#1539 = SURFACE_CURVE('',#1540,(#1544,#1551),.PCURVE_S1.);
#1540 = LINE('',#1541,#1542);
#1541 = CARTESIAN_POINT('',(-21.,15.,2.));
#1542 = VECTOR('',#1543,1.);
#1543 = DIRECTION('',(1.,0.,0.));
#1544 = PCURVE('',#809,#1545);
#1545 = DEFINITIONAL_REPRESENTATION('',(#1546),#1550);
#1546 = LINE('',#1547,#1548);
#1547 = CARTESIAN_POINT('',(2.,4.));
#1548 = VECTOR('',#1549,1.);
#1549 = DIRECTION('',(0.,1.));
#1550 = ( GEOMETRIC_REPRESENTATION_CONTEXT(2) 
PARAMETRIC_REPRESENTATION_CONTEXT() REPRESENTATION_CONTEXT('2D SPACE',''
  ) );
#1551 = PCURVE('',#1419,#1552);
#1552 = DEFINITIONAL_REPRESENTATION('',(#1553),#1557);
#1553 = LINE('',#1554,#1555);
#1554 = CARTESIAN_POINT('',(-0.,0.));
#1555 = VECTOR('',#1556,1.);
#1556 = DIRECTION('',(-0.,1.));
#1557 = ( GEOMETRIC_REPRESENTATION_CONTEXT(2) 
PARAMETRIC_REPRESENTATION_CONTEXT() REPRESENTATION_CONTEXT('2D SPACE',''
  ) );
#1558 = ADVANCED_FACE('',(#1559),#861,.F.);
#1559 = FACE_BOUND('',#1560,.F.);
#1560 = EDGE_LOOP('',(#1561,#1587,#1588,#1589,#1590,#1618,#1646,#1674));
#1561 = ORIENTED_EDGE('',*,*,#1562,.F.);
#1562 = EDGE_CURVE('',#963,#1563,#1565,.T.);
#1563 = VERTEX_POINT('',#1564);
#1564 = CARTESIAN_POINT('',(21.,-14.,5.));
#1565 = SURFACE_CURVE('',#1566,(#1570,#1576),.PCURVE_S1.);
#1566 = LINE('',#1567,#1568);
#1567 = CARTESIAN_POINT('',(21.,-15.,4.));
#1568 = VECTOR('',#1569,1.);
#1569 = DIRECTION('',(-4.329780281177E-17,0.707106781187,0.707106781187)
  );
#1570 = PCURVE('',#861,#1571);
#1571 = DEFINITIONAL_REPRESENTATION('',(#1572),#1575);
#1572 = B_SPLINE_CURVE_WITH_KNOTS('',1,(#1573,#1574),.UNSPECIFIED.,.F.,
  .F.,(2,2),(0.,1.414213562373),.PIECEWISE_BEZIER_KNOTS.);
#1573 = CARTESIAN_POINT('',(0.,-0.707106781187));
#1574 = CARTESIAN_POINT('',(0.,0.707106781187));
#1575 = ( GEOMETRIC_REPRESENTATION_CONTEXT(2) 
PARAMETRIC_REPRESENTATION_CONTEXT() REPRESENTATION_CONTEXT('2D SPACE',''
  ) );
#1576 = PCURVE('',#1577,#1582);
#1577 = CONICAL_SURFACE('',#1578,4.,0.785398163397);
#1578 = AXIS2_PLACEMENT_3D('',#1579,#1580,#1581);
#1579 = CARTESIAN_POINT('',(21.,-11.,4.));
#1580 = DIRECTION('',(-0.,-0.,-1.));
#1581 = DIRECTION('',(1.,0.,0.));
#1582 = DEFINITIONAL_REPRESENTATION('',(#1583),#1586);
#1583 = B_SPLINE_CURVE_WITH_KNOTS('',1,(#1584,#1585),.UNSPECIFIED.,.F.,
  .F.,(2,2),(0.,1.414213562373),.PIECEWISE_BEZIER_KNOTS.);
#1584 = CARTESIAN_POINT('',(1.570796326795,0.));
#1585 = CARTESIAN_POINT('',(1.570796326795,-1.));
#1586 = ( GEOMETRIC_REPRESENTATION_CONTEXT(2) 
PARAMETRIC_REPRESENTATION_CONTEXT() REPRESENTATION_CONTEXT('2D SPACE',''
  ) );
#1587 = ORIENTED_EDGE('',*,*,#962,.T.);
#1588 = ORIENTED_EDGE('',*,*,#846,.T.);
#1589 = ORIENTED_EDGE('',*,*,#1039,.F.);
#1590 = ORIENTED_EDGE('',*,*,#1591,.T.);
#1591 = EDGE_CURVE('',#1040,#1592,#1594,.T.);
#1592 = VERTEX_POINT('',#1593);
#1593 = CARTESIAN_POINT('',(-9.7,-14.,5.));
#1594 = SURFACE_CURVE('',#1595,(#1599,#1606),.PCURVE_S1.);
#1595 = LINE('',#1596,#1597);
#1596 = CARTESIAN_POINT('',(-10.3,-14.,5.));
#1597 = VECTOR('',#1598,1.);
#1598 = DIRECTION('',(1.,0.,0.));
#1599 = PCURVE('',#861,#1600);
#1600 = DEFINITIONAL_REPRESENTATION('',(#1601),#1605);
#1601 = LINE('',#1602,#1603);
#1602 = CARTESIAN_POINT('',(31.3,0.707106781187));
#1603 = VECTOR('',#1604,1.);
#1604 = DIRECTION('',(-1.,0.));
#1605 = ( GEOMETRIC_REPRESENTATION_CONTEXT(2) 
PARAMETRIC_REPRESENTATION_CONTEXT() REPRESENTATION_CONTEXT('2D SPACE',''
  ) );
#1606 = PCURVE('',#1607,#1612);
#1607 = PLANE('',#1608);
#1608 = AXIS2_PLACEMENT_3D('',#1609,#1610,#1611);
#1609 = CARTESIAN_POINT('',(-10.3,-14.,5.));
#1610 = DIRECTION('',(0.,-0.928476690885,0.371390676354));
#1611 = DIRECTION('',(0.,0.371390676354,0.928476690885));
#1612 = DEFINITIONAL_REPRESENTATION('',(#1613),#1617);
#1613 = LINE('',#1614,#1615);
#1614 = CARTESIAN_POINT('',(0.,0.));
#1615 = VECTOR('',#1616,1.);
#1616 = DIRECTION('',(0.,-1.));
#1617 = ( GEOMETRIC_REPRESENTATION_CONTEXT(2) 
PARAMETRIC_REPRESENTATION_CONTEXT() REPRESENTATION_CONTEXT('2D SPACE',''
  ) );
#1618 = ORIENTED_EDGE('',*,*,#1619,.F.);
#1619 = EDGE_CURVE('',#1620,#1592,#1622,.T.);
#1620 = VERTEX_POINT('',#1621);
#1621 = CARTESIAN_POINT('',(9.7,-14.,5.));
#1622 = SURFACE_CURVE('',#1623,(#1627,#1634),.PCURVE_S1.);
#1623 = LINE('',#1624,#1625);
#1624 = CARTESIAN_POINT('',(21.,-14.,5.));
#1625 = VECTOR('',#1626,1.);
#1626 = DIRECTION('',(-1.,-0.,-0.));
#1627 = PCURVE('',#861,#1628);
#1628 = DEFINITIONAL_REPRESENTATION('',(#1629),#1633);
#1629 = LINE('',#1630,#1631);
#1630 = CARTESIAN_POINT('',(0.,0.707106781187));
#1631 = VECTOR('',#1632,1.);
#1632 = DIRECTION('',(1.,0.));
#1633 = ( GEOMETRIC_REPRESENTATION_CONTEXT(2) 
PARAMETRIC_REPRESENTATION_CONTEXT() REPRESENTATION_CONTEXT('2D SPACE',''
  ) );
#1634 = PCURVE('',#1635,#1640);
#1635 = PLANE('',#1636);
#1636 = AXIS2_PLACEMENT_3D('',#1637,#1638,#1639);
#1637 = CARTESIAN_POINT('',(-25.,-15.,5.));
#1638 = DIRECTION('',(0.,0.,1.));
#1639 = DIRECTION('',(1.,0.,0.));
#1640 = DEFINITIONAL_REPRESENTATION('',(#1641),#1645);
#1641 = LINE('',#1642,#1643);
#1642 = CARTESIAN_POINT('',(46.,1.));
#1643 = VECTOR('',#1644,1.);
#1644 = DIRECTION('',(-1.,-0.));
#1645 = ( GEOMETRIC_REPRESENTATION_CONTEXT(2) 
PARAMETRIC_REPRESENTATION_CONTEXT() REPRESENTATION_CONTEXT('2D SPACE',''
  ) );
#1646 = ORIENTED_EDGE('',*,*,#1647,.T.);
#1647 = EDGE_CURVE('',#1620,#1648,#1650,.T.);
#1648 = VERTEX_POINT('',#1649);
#1649 = CARTESIAN_POINT('',(10.3,-14.,5.));
#1650 = SURFACE_CURVE('',#1651,(#1655,#1662),.PCURVE_S1.);
#1651 = LINE('',#1652,#1653);
#1652 = CARTESIAN_POINT('',(9.7,-14.,5.));
#1653 = VECTOR('',#1654,1.);
#1654 = DIRECTION('',(1.,0.,0.));
#1655 = PCURVE('',#861,#1656);
#1656 = DEFINITIONAL_REPRESENTATION('',(#1657),#1661);
#1657 = LINE('',#1658,#1659);
#1658 = CARTESIAN_POINT('',(11.3,0.707106781187));
#1659 = VECTOR('',#1660,1.);
#1660 = DIRECTION('',(-1.,0.));
#1661 = ( GEOMETRIC_REPRESENTATION_CONTEXT(2) 
PARAMETRIC_REPRESENTATION_CONTEXT() REPRESENTATION_CONTEXT('2D SPACE',''
  ) );
#1662 = PCURVE('',#1663,#1668);
#1663 = PLANE('',#1664);
#1664 = AXIS2_PLACEMENT_3D('',#1665,#1666,#1667);
#1665 = CARTESIAN_POINT('',(9.7,-14.,5.));
#1666 = DIRECTION('',(0.,-0.928476690885,0.371390676354));
#1667 = DIRECTION('',(0.,0.371390676354,0.928476690885));
#1668 = DEFINITIONAL_REPRESENTATION('',(#1669),#1673);
#1669 = LINE('',#1670,#1671);
#1670 = CARTESIAN_POINT('',(0.,0.));
#1671 = VECTOR('',#1672,1.);
#1672 = DIRECTION('',(0.,-1.));
#1673 = ( GEOMETRIC_REPRESENTATION_CONTEXT(2) 
PARAMETRIC_REPRESENTATION_CONTEXT() REPRESENTATION_CONTEXT('2D SPACE',''
  ) );
#1674 = ORIENTED_EDGE('',*,*,#1675,.F.);
#1675 = EDGE_CURVE('',#1563,#1648,#1676,.T.);
#1676 = SURFACE_CURVE('',#1677,(#1681,#1688),.PCURVE_S1.);
#1677 = LINE('',#1678,#1679);
#1678 = CARTESIAN_POINT('',(21.,-14.,5.));
#1679 = VECTOR('',#1680,1.);
#1680 = DIRECTION('',(-1.,-0.,-0.));
#1681 = PCURVE('',#861,#1682);
#1682 = DEFINITIONAL_REPRESENTATION('',(#1683),#1687);
#1683 = LINE('',#1684,#1685);
#1684 = CARTESIAN_POINT('',(0.,0.707106781187));
#1685 = VECTOR('',#1686,1.);
#1686 = DIRECTION('',(1.,0.));
#1687 = ( GEOMETRIC_REPRESENTATION_CONTEXT(2) 
PARAMETRIC_REPRESENTATION_CONTEXT() REPRESENTATION_CONTEXT('2D SPACE',''
  ) );
#1688 = PCURVE('',#1689,#1694);
#1689 = PLANE('',#1690);
#1690 = AXIS2_PLACEMENT_3D('',#1691,#1692,#1693);
#1691 = CARTESIAN_POINT('',(-25.,-15.,5.));
#1692 = DIRECTION('',(0.,0.,1.));
#1693 = DIRECTION('',(1.,0.,0.));
#1694 = DEFINITIONAL_REPRESENTATION('',(#1695),#1699);
#1695 = LINE('',#1696,#1697);
#1696 = CARTESIAN_POINT('',(46.,1.));
#1697 = VECTOR('',#1698,1.);
#1698 = DIRECTION('',(-1.,-0.));
#1699 = ( GEOMETRIC_REPRESENTATION_CONTEXT(2) 
PARAMETRIC_REPRESENTATION_CONTEXT() REPRESENTATION_CONTEXT('2D SPACE',''
  ) );
#1700 = ADVANCED_FACE('',(#1701),#919,.T.);
#1701 = FACE_BOUND('',#1702,.F.);
#1702 = EDGE_LOOP('',(#1703,#1723,#1724,#1725));
#1703 = ORIENTED_EDGE('',*,*,#1704,.T.);
#1704 = EDGE_CURVE('',#986,#1287,#1705,.T.);
#1705 = SURFACE_CURVE('',#1706,(#1711,#1717),.PCURVE_S1.);
#1706 = CIRCLE('',#1707,2.);
#1707 = AXIS2_PLACEMENT_3D('',#1708,#1709,#1710);
#1708 = CARTESIAN_POINT('',(21.,-13.,2.));
#1709 = DIRECTION('',(1.,6.123233995737E-17,0.));
#1710 = DIRECTION('',(6.123233995737E-17,-1.,0.));
#1711 = PCURVE('',#919,#1712);
#1712 = DEFINITIONAL_REPRESENTATION('',(#1713),#1716);
#1713 = B_SPLINE_CURVE_WITH_KNOTS('',1,(#1714,#1715),.UNSPECIFIED.,.F.,
  .F.,(2,2),(0.,1.570796326795),.PIECEWISE_BEZIER_KNOTS.);
#1714 = CARTESIAN_POINT('',(0.,0.));
#1715 = CARTESIAN_POINT('',(-1.570796326795,0.));
#1716 = ( GEOMETRIC_REPRESENTATION_CONTEXT(2) 
PARAMETRIC_REPRESENTATION_CONTEXT() REPRESENTATION_CONTEXT('2D SPACE',''
  ) );
#1717 = PCURVE('',#1330,#1718);
#1718 = DEFINITIONAL_REPRESENTATION('',(#1719),#1722);
#1719 = B_SPLINE_CURVE_WITH_KNOTS('',1,(#1720,#1721),.UNSPECIFIED.,.F.,
  .F.,(2,2),(0.,1.570796326795),.PIECEWISE_BEZIER_KNOTS.);
#1720 = CARTESIAN_POINT('',(1.570796326795,0.));
#1721 = CARTESIAN_POINT('',(1.570796326795,1.570796326795));
#1722 = ( GEOMETRIC_REPRESENTATION_CONTEXT(2) 
PARAMETRIC_REPRESENTATION_CONTEXT() REPRESENTATION_CONTEXT('2D SPACE',''
  ) );
#1723 = ORIENTED_EDGE('',*,*,#1286,.T.);
#1724 = ORIENTED_EDGE('',*,*,#903,.F.);
#1725 = ORIENTED_EDGE('',*,*,#1013,.F.);
#1726 = ADVANCED_FACE('',(#1727),#1001,.T.);
#1727 = FACE_BOUND('',#1728,.F.);
#1728 = EDGE_LOOP('',(#1729,#1759,#1781,#1782));
#1729 = ORIENTED_EDGE('',*,*,#1730,.F.);
#1730 = EDGE_CURVE('',#1731,#1733,#1735,.T.);
#1731 = VERTEX_POINT('',#1732);
#1732 = CARTESIAN_POINT('',(25.,-11.,2.));
#1733 = VERTEX_POINT('',#1734);
#1734 = CARTESIAN_POINT('',(25.,-11.,4.));
#1735 = SURFACE_CURVE('',#1736,(#1740,#1747),.PCURVE_S1.);
#1736 = LINE('',#1737,#1738);
#1737 = CARTESIAN_POINT('',(25.,-11.,0.));
#1738 = VECTOR('',#1739,1.);
#1739 = DIRECTION('',(0.,0.,1.));
#1740 = PCURVE('',#1001,#1741);
#1741 = DEFINITIONAL_REPRESENTATION('',(#1742),#1746);
#1742 = LINE('',#1743,#1744);
#1743 = CARTESIAN_POINT('',(-0.,0.));
#1744 = VECTOR('',#1745,1.);
#1745 = DIRECTION('',(-0.,1.));
#1746 = ( GEOMETRIC_REPRESENTATION_CONTEXT(2) 
PARAMETRIC_REPRESENTATION_CONTEXT() REPRESENTATION_CONTEXT('2D SPACE',''
  ) );
#1747 = PCURVE('',#1748,#1753);
#1748 = PLANE('',#1749);
#1749 = AXIS2_PLACEMENT_3D('',#1750,#1751,#1752);
#1750 = CARTESIAN_POINT('',(25.,-15.,0.));
#1751 = DIRECTION('',(1.,0.,0.));
#1752 = DIRECTION('',(0.,0.,1.));
#1753 = DEFINITIONAL_REPRESENTATION('',(#1754),#1758);
#1754 = LINE('',#1755,#1756);
#1755 = CARTESIAN_POINT('',(0.,-4.));
#1756 = VECTOR('',#1757,1.);
#1757 = DIRECTION('',(1.,0.));
#1758 = ( GEOMETRIC_REPRESENTATION_CONTEXT(2) 
PARAMETRIC_REPRESENTATION_CONTEXT() REPRESENTATION_CONTEXT('2D SPACE',''
  ) );
#1759 = ORIENTED_EDGE('',*,*,#1760,.T.);
#1760 = EDGE_CURVE('',#1731,#986,#1761,.T.);
#1761 = SURFACE_CURVE('',#1762,(#1767,#1774),.PCURVE_S1.);
#1762 = CIRCLE('',#1763,4.);
#1763 = AXIS2_PLACEMENT_3D('',#1764,#1765,#1766);
#1764 = CARTESIAN_POINT('',(21.,-11.,2.));
#1765 = DIRECTION('',(0.,-0.,-1.));
#1766 = DIRECTION('',(1.,0.,-0.));
#1767 = PCURVE('',#1001,#1768);
#1768 = DEFINITIONAL_REPRESENTATION('',(#1769),#1773);
#1769 = LINE('',#1770,#1771);
#1770 = CARTESIAN_POINT('',(-0.,2.));
#1771 = VECTOR('',#1772,1.);
#1772 = DIRECTION('',(-1.,0.));
#1773 = ( GEOMETRIC_REPRESENTATION_CONTEXT(2) 
PARAMETRIC_REPRESENTATION_CONTEXT() REPRESENTATION_CONTEXT('2D SPACE',''
  ) );
#1774 = PCURVE('',#1330,#1775);
#1775 = DEFINITIONAL_REPRESENTATION('',(#1776),#1780);
#1776 = LINE('',#1777,#1778);
#1777 = CARTESIAN_POINT('',(0.,0.));
#1778 = VECTOR('',#1779,1.);
#1779 = DIRECTION('',(1.,0.));
#1780 = ( GEOMETRIC_REPRESENTATION_CONTEXT(2) 
PARAMETRIC_REPRESENTATION_CONTEXT() REPRESENTATION_CONTEXT('2D SPACE',''
  ) );
#1781 = ORIENTED_EDGE('',*,*,#985,.T.);
#1782 = ORIENTED_EDGE('',*,*,#1783,.F.);
#1783 = EDGE_CURVE('',#1733,#963,#1784,.T.);
#1784 = SURFACE_CURVE('',#1785,(#1790,#1797),.PCURVE_S1.);
#1785 = CIRCLE('',#1786,4.);
#1786 = AXIS2_PLACEMENT_3D('',#1787,#1788,#1789);
#1787 = CARTESIAN_POINT('',(21.,-11.,4.));
#1788 = DIRECTION('',(0.,0.,-1.));
#1789 = DIRECTION('',(1.,0.,0.));
#1790 = PCURVE('',#1001,#1791);
#1791 = DEFINITIONAL_REPRESENTATION('',(#1792),#1796);
#1792 = LINE('',#1793,#1794);
#1793 = CARTESIAN_POINT('',(-0.,4.));
#1794 = VECTOR('',#1795,1.);
#1795 = DIRECTION('',(-1.,0.));
#1796 = ( GEOMETRIC_REPRESENTATION_CONTEXT(2) 
PARAMETRIC_REPRESENTATION_CONTEXT() REPRESENTATION_CONTEXT('2D SPACE',''
  ) );
#1797 = PCURVE('',#1577,#1798);
#1798 = DEFINITIONAL_REPRESENTATION('',(#1799),#1803);
#1799 = LINE('',#1800,#1801);
#1800 = CARTESIAN_POINT('',(0.,-0.));
#1801 = VECTOR('',#1802,1.);
#1802 = DIRECTION('',(1.,-0.));
#1803 = ( GEOMETRIC_REPRESENTATION_CONTEXT(2) 
PARAMETRIC_REPRESENTATION_CONTEXT() REPRESENTATION_CONTEXT('2D SPACE',''
  ) );
#1804 = ADVANCED_FACE('',(#1805),#1218,.T.);
#1805 = FACE_BOUND('',#1806,.F.);
#1806 = EDGE_LOOP('',(#1807,#1808,#1809,#1835,#1858,#1886,#1914,#1940));
#1807 = ORIENTED_EDGE('',*,*,#1261,.F.);
#1808 = ORIENTED_EDGE('',*,*,#1487,.T.);
#1809 = ORIENTED_EDGE('',*,*,#1810,.T.);
#1810 = EDGE_CURVE('',#1488,#1811,#1813,.T.);
#1811 = VERTEX_POINT('',#1812);
#1812 = CARTESIAN_POINT('',(21.,14.,5.));
#1813 = SURFACE_CURVE('',#1814,(#1818,#1824),.PCURVE_S1.);
#1814 = LINE('',#1815,#1816);
#1815 = CARTESIAN_POINT('',(21.,14.5,4.5));
#1816 = VECTOR('',#1817,1.);
#1817 = DIRECTION('',(0.,-0.707106781187,0.707106781187));
#1818 = PCURVE('',#1218,#1819);
#1819 = DEFINITIONAL_REPRESENTATION('',(#1820),#1823);
#1820 = B_SPLINE_CURVE_WITH_KNOTS('',1,(#1821,#1822),.UNSPECIFIED.,.F.,
  .F.,(2,2),(-0.707106781187,0.707106781187),.PIECEWISE_BEZIER_KNOTS.);
#1821 = CARTESIAN_POINT('',(-42.,-0.707106781187));
#1822 = CARTESIAN_POINT('',(-42.,0.707106781187));
#1823 = ( GEOMETRIC_REPRESENTATION_CONTEXT(2) 
PARAMETRIC_REPRESENTATION_CONTEXT() REPRESENTATION_CONTEXT('2D SPACE',''
  ) );
#1824 = PCURVE('',#1825,#1830);
#1825 = CONICAL_SURFACE('',#1826,4.,0.785398163397);
#1826 = AXIS2_PLACEMENT_3D('',#1827,#1828,#1829);
#1827 = CARTESIAN_POINT('',(21.,11.,4.));
#1828 = DIRECTION('',(-0.,-0.,-1.));
#1829 = DIRECTION('',(0.,1.,-0.));
#1830 = DEFINITIONAL_REPRESENTATION('',(#1831),#1834);
#1831 = B_SPLINE_CURVE_WITH_KNOTS('',1,(#1832,#1833),.UNSPECIFIED.,.F.,
  .F.,(2,2),(-0.707106781187,0.707106781187),.PIECEWISE_BEZIER_KNOTS.);
#1832 = CARTESIAN_POINT('',(0.,0.));
#1833 = CARTESIAN_POINT('',(0.,-1.));
#1834 = ( GEOMETRIC_REPRESENTATION_CONTEXT(2) 
PARAMETRIC_REPRESENTATION_CONTEXT() REPRESENTATION_CONTEXT('2D SPACE',''
  ) );
#1835 = ORIENTED_EDGE('',*,*,#1836,.F.);
#1836 = EDGE_CURVE('',#1837,#1811,#1839,.T.);
#1837 = VERTEX_POINT('',#1838);
#1838 = CARTESIAN_POINT('',(10.3,14.,5.));
#1839 = SURFACE_CURVE('',#1840,(#1844,#1851),.PCURVE_S1.);
#1840 = LINE('',#1841,#1842);
#1841 = CARTESIAN_POINT('',(-21.,14.,5.));
#1842 = VECTOR('',#1843,1.);
#1843 = DIRECTION('',(1.,0.,0.));
#1844 = PCURVE('',#1218,#1845);
#1845 = DEFINITIONAL_REPRESENTATION('',(#1846),#1850);
#1846 = LINE('',#1847,#1848);
#1847 = CARTESIAN_POINT('',(-0.,0.707106781187));
#1848 = VECTOR('',#1849,1.);
#1849 = DIRECTION('',(-1.,0.));
#1850 = ( GEOMETRIC_REPRESENTATION_CONTEXT(2) 
PARAMETRIC_REPRESENTATION_CONTEXT() REPRESENTATION_CONTEXT('2D SPACE',''
  ) );
#1851 = PCURVE('',#1689,#1852);
#1852 = DEFINITIONAL_REPRESENTATION('',(#1853),#1857);
#1853 = LINE('',#1854,#1855);
#1854 = CARTESIAN_POINT('',(4.,29.));
#1855 = VECTOR('',#1856,1.);
#1856 = DIRECTION('',(1.,0.));
#1857 = ( GEOMETRIC_REPRESENTATION_CONTEXT(2) 
PARAMETRIC_REPRESENTATION_CONTEXT() REPRESENTATION_CONTEXT('2D SPACE',''
  ) );
#1858 = ORIENTED_EDGE('',*,*,#1859,.F.);
#1859 = EDGE_CURVE('',#1860,#1837,#1862,.T.);
#1860 = VERTEX_POINT('',#1861);
#1861 = CARTESIAN_POINT('',(9.7,14.,5.));
#1862 = SURFACE_CURVE('',#1863,(#1867,#1874),.PCURVE_S1.);
#1863 = LINE('',#1864,#1865);
#1864 = CARTESIAN_POINT('',(9.7,14.,5.));
#1865 = VECTOR('',#1866,1.);
#1866 = DIRECTION('',(1.,0.,0.));
#1867 = PCURVE('',#1218,#1868);
#1868 = DEFINITIONAL_REPRESENTATION('',(#1869),#1873);
#1869 = LINE('',#1870,#1871);
#1870 = CARTESIAN_POINT('',(-30.7,0.707106781187));
#1871 = VECTOR('',#1872,1.);
#1872 = DIRECTION('',(-1.,0.));
#1873 = ( GEOMETRIC_REPRESENTATION_CONTEXT(2) 
PARAMETRIC_REPRESENTATION_CONTEXT() REPRESENTATION_CONTEXT('2D SPACE',''
  ) );
#1874 = PCURVE('',#1875,#1880);
#1875 = PLANE('',#1876);
#1876 = AXIS2_PLACEMENT_3D('',#1877,#1878,#1879);
#1877 = CARTESIAN_POINT('',(9.7,14.,5.));
#1878 = DIRECTION('',(0.,-0.928476690885,-0.371390676354));
#1879 = DIRECTION('',(0.,-0.371390676354,0.928476690885));
#1880 = DEFINITIONAL_REPRESENTATION('',(#1881),#1885);
#1881 = LINE('',#1882,#1883);
#1882 = CARTESIAN_POINT('',(0.,0.));
#1883 = VECTOR('',#1884,1.);
#1884 = DIRECTION('',(0.,-1.));
#1885 = ( GEOMETRIC_REPRESENTATION_CONTEXT(2) 
PARAMETRIC_REPRESENTATION_CONTEXT() REPRESENTATION_CONTEXT('2D SPACE',''
  ) );
#1886 = ORIENTED_EDGE('',*,*,#1887,.F.);
#1887 = EDGE_CURVE('',#1888,#1860,#1890,.T.);
#1888 = VERTEX_POINT('',#1889);
#1889 = CARTESIAN_POINT('',(-9.7,14.,5.));
#1890 = SURFACE_CURVE('',#1891,(#1895,#1902),.PCURVE_S1.);
#1891 = LINE('',#1892,#1893);
#1892 = CARTESIAN_POINT('',(-21.,14.,5.));
#1893 = VECTOR('',#1894,1.);
#1894 = DIRECTION('',(1.,0.,0.));
#1895 = PCURVE('',#1218,#1896);
#1896 = DEFINITIONAL_REPRESENTATION('',(#1897),#1901);
#1897 = LINE('',#1898,#1899);
#1898 = CARTESIAN_POINT('',(-0.,0.707106781187));
#1899 = VECTOR('',#1900,1.);
#1900 = DIRECTION('',(-1.,0.));
#1901 = ( GEOMETRIC_REPRESENTATION_CONTEXT(2) 
PARAMETRIC_REPRESENTATION_CONTEXT() REPRESENTATION_CONTEXT('2D SPACE',''
  ) );
#1902 = PCURVE('',#1903,#1908);
#1903 = PLANE('',#1904);
#1904 = AXIS2_PLACEMENT_3D('',#1905,#1906,#1907);
#1905 = CARTESIAN_POINT('',(-25.,-15.,5.));
#1906 = DIRECTION('',(0.,0.,1.));
#1907 = DIRECTION('',(1.,0.,0.));
#1908 = DEFINITIONAL_REPRESENTATION('',(#1909),#1913);
#1909 = LINE('',#1910,#1911);
#1910 = CARTESIAN_POINT('',(4.,29.));
#1911 = VECTOR('',#1912,1.);
#1912 = DIRECTION('',(1.,0.));
#1913 = ( GEOMETRIC_REPRESENTATION_CONTEXT(2) 
PARAMETRIC_REPRESENTATION_CONTEXT() REPRESENTATION_CONTEXT('2D SPACE',''
  ) );
#1914 = ORIENTED_EDGE('',*,*,#1915,.F.);
#1915 = EDGE_CURVE('',#1175,#1888,#1916,.T.);
#1916 = SURFACE_CURVE('',#1917,(#1921,#1928),.PCURVE_S1.);
#1917 = LINE('',#1918,#1919);
#1918 = CARTESIAN_POINT('',(-10.3,14.,5.));
#1919 = VECTOR('',#1920,1.);
#1920 = DIRECTION('',(1.,0.,0.));
#1921 = PCURVE('',#1218,#1922);
#1922 = DEFINITIONAL_REPRESENTATION('',(#1923),#1927);
#1923 = LINE('',#1924,#1925);
#1924 = CARTESIAN_POINT('',(-10.7,0.707106781187));
#1925 = VECTOR('',#1926,1.);
#1926 = DIRECTION('',(-1.,0.));
#1927 = ( GEOMETRIC_REPRESENTATION_CONTEXT(2) 
PARAMETRIC_REPRESENTATION_CONTEXT() REPRESENTATION_CONTEXT('2D SPACE',''
  ) );
#1928 = PCURVE('',#1929,#1934);
#1929 = PLANE('',#1930);
#1930 = AXIS2_PLACEMENT_3D('',#1931,#1932,#1933);
#1931 = CARTESIAN_POINT('',(-10.3,14.,5.));
#1932 = DIRECTION('',(0.,-0.928476690885,-0.371390676354));
#1933 = DIRECTION('',(0.,-0.371390676354,0.928476690885));
#1934 = DEFINITIONAL_REPRESENTATION('',(#1935),#1939);
#1935 = LINE('',#1936,#1937);
#1936 = CARTESIAN_POINT('',(0.,0.));
#1937 = VECTOR('',#1938,1.);
#1938 = DIRECTION('',(0.,-1.));
#1939 = ( GEOMETRIC_REPRESENTATION_CONTEXT(2) 
PARAMETRIC_REPRESENTATION_CONTEXT() REPRESENTATION_CONTEXT('2D SPACE',''
  ) );
#1940 = ORIENTED_EDGE('',*,*,#1202,.F.);
#1941 = ADVANCED_FACE('',(#1942),#1190,.F.);
#1942 = FACE_BOUND('',#1943,.F.);
#1943 = EDGE_LOOP('',(#1944,#1945,#1968));
#1944 = ORIENTED_EDGE('',*,*,#1174,.T.);
#1945 = ORIENTED_EDGE('',*,*,#1946,.T.);
#1946 = EDGE_CURVE('',#1175,#1947,#1949,.T.);
#1947 = VERTEX_POINT('',#1948);
#1948 = CARTESIAN_POINT('',(-10.3,6.,25.));
#1949 = SURFACE_CURVE('',#1950,(#1954,#1961),.PCURVE_S1.);
#1950 = LINE('',#1951,#1952);
#1951 = CARTESIAN_POINT('',(-10.3,14.,5.));
#1952 = VECTOR('',#1953,1.);
#1953 = DIRECTION('',(0.,-0.371390676354,0.928476690885));
#1954 = PCURVE('',#1190,#1955);
#1955 = DEFINITIONAL_REPRESENTATION('',(#1956),#1960);
#1956 = LINE('',#1957,#1958);
#1957 = CARTESIAN_POINT('',(-8.385164807135,-5.614835192865));
#1958 = VECTOR('',#1959,1.);
#1959 = DIRECTION('',(0.928476690885,0.371390676354));
#1960 = ( GEOMETRIC_REPRESENTATION_CONTEXT(2) 
PARAMETRIC_REPRESENTATION_CONTEXT() REPRESENTATION_CONTEXT('2D SPACE',''
  ) );
#1961 = PCURVE('',#1929,#1962);
#1962 = DEFINITIONAL_REPRESENTATION('',(#1963),#1967);
#1963 = LINE('',#1964,#1965);
#1964 = CARTESIAN_POINT('',(0.,0.));
#1965 = VECTOR('',#1966,1.);
#1966 = DIRECTION('',(1.,0.));
#1967 = ( GEOMETRIC_REPRESENTATION_CONTEXT(2) 
PARAMETRIC_REPRESENTATION_CONTEXT() REPRESENTATION_CONTEXT('2D SPACE',''
  ) );
#1968 = ORIENTED_EDGE('',*,*,#1969,.T.);
#1969 = EDGE_CURVE('',#1947,#1147,#1970,.T.);
#1970 = SURFACE_CURVE('',#1971,(#1975,#1982),.PCURVE_S1.);
#1971 = LINE('',#1972,#1973);
#1972 = CARTESIAN_POINT('',(-10.3,6.,25.));
#1973 = VECTOR('',#1974,1.);
#1974 = DIRECTION('',(0.,0.,-1.));
#1975 = PCURVE('',#1190,#1976);
#1976 = DEFINITIONAL_REPRESENTATION('',(#1977),#1981);
#1977 = LINE('',#1978,#1979);
#1978 = CARTESIAN_POINT('',(11.614835192865,2.385164807135));
#1979 = VECTOR('',#1980,1.);
#1980 = DIRECTION('',(-1.,0.));
#1981 = ( GEOMETRIC_REPRESENTATION_CONTEXT(2) 
PARAMETRIC_REPRESENTATION_CONTEXT() REPRESENTATION_CONTEXT('2D SPACE',''
  ) );
#1982 = PCURVE('',#1162,#1983);
#1983 = DEFINITIONAL_REPRESENTATION('',(#1984),#1988);
#1984 = LINE('',#1985,#1986);
#1985 = CARTESIAN_POINT('',(20.,2.7));
#1986 = VECTOR('',#1987,1.);
#1987 = DIRECTION('',(-1.,0.));
#1988 = ( GEOMETRIC_REPRESENTATION_CONTEXT(2) 
PARAMETRIC_REPRESENTATION_CONTEXT() REPRESENTATION_CONTEXT('2D SPACE',''
  ) );
#1989 = ADVANCED_FACE('',(#1990,#2247,#2353),#1162,.T.);
#1990 = FACE_BOUND('',#1991,.T.);
#1991 = EDGE_LOOP('',(#1992,#1993,#2016,#2044,#2072,#2095,#2123,#2146,
    #2174,#2197,#2225,#2246));
#1992 = ORIENTED_EDGE('',*,*,#1146,.F.);
#1993 = ORIENTED_EDGE('',*,*,#1994,.T.);
#1994 = EDGE_CURVE('',#1119,#1995,#1997,.T.);
#1995 = VERTEX_POINT('',#1996);
#1996 = CARTESIAN_POINT('',(-13.,6.,45.));
#1997 = SURFACE_CURVE('',#1998,(#2002,#2009),.PCURVE_S1.);
#1998 = LINE('',#1999,#2000);
#1999 = CARTESIAN_POINT('',(-13.,6.,5.));
#2000 = VECTOR('',#2001,1.);
#2001 = DIRECTION('',(0.,0.,1.));
#2002 = PCURVE('',#1162,#2003);
#2003 = DEFINITIONAL_REPRESENTATION('',(#2004),#2008);
#2004 = LINE('',#2005,#2006);
#2005 = CARTESIAN_POINT('',(0.,0.));
#2006 = VECTOR('',#2007,1.);
#2007 = DIRECTION('',(1.,0.));
#2008 = ( GEOMETRIC_REPRESENTATION_CONTEXT(2) 
PARAMETRIC_REPRESENTATION_CONTEXT() REPRESENTATION_CONTEXT('2D SPACE',''
  ) );
#2009 = PCURVE('',#1134,#2010);
#2010 = DEFINITIONAL_REPRESENTATION('',(#2011),#2015);
#2011 = LINE('',#2012,#2013);
#2012 = CARTESIAN_POINT('',(0.,-12.));
#2013 = VECTOR('',#2014,1.);
#2014 = DIRECTION('',(1.,0.));
#2015 = ( GEOMETRIC_REPRESENTATION_CONTEXT(2) 
PARAMETRIC_REPRESENTATION_CONTEXT() REPRESENTATION_CONTEXT('2D SPACE',''
  ) );
#2016 = ORIENTED_EDGE('',*,*,#2017,.T.);
#2017 = EDGE_CURVE('',#1995,#2018,#2020,.T.);
#2018 = VERTEX_POINT('',#2019);
#2019 = CARTESIAN_POINT('',(13.,6.,45.));
#2020 = SURFACE_CURVE('',#2021,(#2025,#2032),.PCURVE_S1.);
#2021 = LINE('',#2022,#2023);
#2022 = CARTESIAN_POINT('',(-13.,6.,45.));
#2023 = VECTOR('',#2024,1.);
#2024 = DIRECTION('',(1.,0.,0.));
#2025 = PCURVE('',#1162,#2026);
#2026 = DEFINITIONAL_REPRESENTATION('',(#2027),#2031);
#2027 = LINE('',#2028,#2029);
#2028 = CARTESIAN_POINT('',(40.,0.));
#2029 = VECTOR('',#2030,1.);
#2030 = DIRECTION('',(0.,1.));
#2031 = ( GEOMETRIC_REPRESENTATION_CONTEXT(2) 
PARAMETRIC_REPRESENTATION_CONTEXT() REPRESENTATION_CONTEXT('2D SPACE',''
  ) );
#2032 = PCURVE('',#2033,#2038);
#2033 = PLANE('',#2034);
#2034 = AXIS2_PLACEMENT_3D('',#2035,#2036,#2037);
#2035 = CARTESIAN_POINT('',(-13.,-6.,45.));
#2036 = DIRECTION('',(0.,0.,1.));
#2037 = DIRECTION('',(1.,0.,0.));
#2038 = DEFINITIONAL_REPRESENTATION('',(#2039),#2043);
#2039 = LINE('',#2040,#2041);
#2040 = CARTESIAN_POINT('',(0.,12.));
#2041 = VECTOR('',#2042,1.);
#2042 = DIRECTION('',(1.,0.));
#2043 = ( GEOMETRIC_REPRESENTATION_CONTEXT(2) 
PARAMETRIC_REPRESENTATION_CONTEXT() REPRESENTATION_CONTEXT('2D SPACE',''
  ) );
#2044 = ORIENTED_EDGE('',*,*,#2045,.F.);
#2045 = EDGE_CURVE('',#2046,#2018,#2048,.T.);
#2046 = VERTEX_POINT('',#2047);
#2047 = CARTESIAN_POINT('',(13.,6.,5.));
#2048 = SURFACE_CURVE('',#2049,(#2053,#2060),.PCURVE_S1.);
#2049 = LINE('',#2050,#2051);
#2050 = CARTESIAN_POINT('',(13.,6.,5.));
#2051 = VECTOR('',#2052,1.);
#2052 = DIRECTION('',(0.,0.,1.));
#2053 = PCURVE('',#1162,#2054);
#2054 = DEFINITIONAL_REPRESENTATION('',(#2055),#2059);
#2055 = LINE('',#2056,#2057);
#2056 = CARTESIAN_POINT('',(0.,26.));
#2057 = VECTOR('',#2058,1.);
#2058 = DIRECTION('',(1.,0.));
#2059 = ( GEOMETRIC_REPRESENTATION_CONTEXT(2) 
PARAMETRIC_REPRESENTATION_CONTEXT() REPRESENTATION_CONTEXT('2D SPACE',''
  ) );
#2060 = PCURVE('',#2061,#2066);
#2061 = PLANE('',#2062);
#2062 = AXIS2_PLACEMENT_3D('',#2063,#2064,#2065);
#2063 = CARTESIAN_POINT('',(13.,-6.,5.));
#2064 = DIRECTION('',(1.,0.,0.));
#2065 = DIRECTION('',(0.,0.,1.));
#2066 = DEFINITIONAL_REPRESENTATION('',(#2067),#2071);
#2067 = LINE('',#2068,#2069);
#2068 = CARTESIAN_POINT('',(0.,-12.));
#2069 = VECTOR('',#2070,1.);
#2070 = DIRECTION('',(1.,0.));
#2071 = ( GEOMETRIC_REPRESENTATION_CONTEXT(2) 
PARAMETRIC_REPRESENTATION_CONTEXT() REPRESENTATION_CONTEXT('2D SPACE',''
  ) );
#2072 = ORIENTED_EDGE('',*,*,#2073,.F.);
#2073 = EDGE_CURVE('',#2074,#2046,#2076,.T.);
#2074 = VERTEX_POINT('',#2075);
#2075 = CARTESIAN_POINT('',(10.3,6.,5.));
#2076 = SURFACE_CURVE('',#2077,(#2081,#2088),.PCURVE_S1.);
#2077 = LINE('',#2078,#2079);
#2078 = CARTESIAN_POINT('',(-13.,6.,5.));
#2079 = VECTOR('',#2080,1.);
#2080 = DIRECTION('',(1.,0.,0.));
#2081 = PCURVE('',#1162,#2082);
#2082 = DEFINITIONAL_REPRESENTATION('',(#2083),#2087);
#2083 = LINE('',#2084,#2085);
#2084 = CARTESIAN_POINT('',(0.,0.));
#2085 = VECTOR('',#2086,1.);
#2086 = DIRECTION('',(0.,1.));
#2087 = ( GEOMETRIC_REPRESENTATION_CONTEXT(2) 
PARAMETRIC_REPRESENTATION_CONTEXT() REPRESENTATION_CONTEXT('2D SPACE',''
  ) );
#2088 = PCURVE('',#1689,#2089);
#2089 = DEFINITIONAL_REPRESENTATION('',(#2090),#2094);
#2090 = LINE('',#2091,#2092);
#2091 = CARTESIAN_POINT('',(12.,21.));
#2092 = VECTOR('',#2093,1.);
#2093 = DIRECTION('',(1.,0.));
#2094 = ( GEOMETRIC_REPRESENTATION_CONTEXT(2) 
PARAMETRIC_REPRESENTATION_CONTEXT() REPRESENTATION_CONTEXT('2D SPACE',''
  ) );
#2095 = ORIENTED_EDGE('',*,*,#2096,.F.);
#2096 = EDGE_CURVE('',#2097,#2074,#2099,.T.);
#2097 = VERTEX_POINT('',#2098);
#2098 = CARTESIAN_POINT('',(10.3,6.,25.));
#2099 = SURFACE_CURVE('',#2100,(#2104,#2111),.PCURVE_S1.);
#2100 = LINE('',#2101,#2102);
#2101 = CARTESIAN_POINT('',(10.3,6.,25.));
#2102 = VECTOR('',#2103,1.);
#2103 = DIRECTION('',(0.,0.,-1.));
#2104 = PCURVE('',#1162,#2105);
#2105 = DEFINITIONAL_REPRESENTATION('',(#2106),#2110);
#2106 = LINE('',#2107,#2108);
#2107 = CARTESIAN_POINT('',(20.,23.3));
#2108 = VECTOR('',#2109,1.);
#2109 = DIRECTION('',(-1.,0.));
#2110 = ( GEOMETRIC_REPRESENTATION_CONTEXT(2) 
PARAMETRIC_REPRESENTATION_CONTEXT() REPRESENTATION_CONTEXT('2D SPACE',''
  ) );
#2111 = PCURVE('',#2112,#2117);
#2112 = PLANE('',#2113);
#2113 = AXIS2_PLACEMENT_3D('',#2114,#2115,#2116);
#2114 = CARTESIAN_POINT('',(10.3,8.385164807135,13.385164807135));
#2115 = DIRECTION('',(1.,0.,0.));
#2116 = DIRECTION('',(-0.,0.,1.));
#2117 = DEFINITIONAL_REPRESENTATION('',(#2118),#2122);
#2118 = LINE('',#2119,#2120);
#2119 = CARTESIAN_POINT('',(11.614835192865,2.385164807135));
#2120 = VECTOR('',#2121,1.);
#2121 = DIRECTION('',(-1.,0.));
#2122 = ( GEOMETRIC_REPRESENTATION_CONTEXT(2) 
PARAMETRIC_REPRESENTATION_CONTEXT() REPRESENTATION_CONTEXT('2D SPACE',''
  ) );
#2123 = ORIENTED_EDGE('',*,*,#2124,.F.);
#2124 = EDGE_CURVE('',#2125,#2097,#2127,.T.);
#2125 = VERTEX_POINT('',#2126);
#2126 = CARTESIAN_POINT('',(9.7,6.,25.));
#2127 = SURFACE_CURVE('',#2128,(#2132,#2139),.PCURVE_S1.);
#2128 = LINE('',#2129,#2130);
#2129 = CARTESIAN_POINT('',(9.7,6.,25.));
#2130 = VECTOR('',#2131,1.);
#2131 = DIRECTION('',(1.,0.,0.));
#2132 = PCURVE('',#1162,#2133);
#2133 = DEFINITIONAL_REPRESENTATION('',(#2134),#2138);
#2134 = LINE('',#2135,#2136);
#2135 = CARTESIAN_POINT('',(20.,22.7));
#2136 = VECTOR('',#2137,1.);
#2137 = DIRECTION('',(0.,1.));
#2138 = ( GEOMETRIC_REPRESENTATION_CONTEXT(2) 
PARAMETRIC_REPRESENTATION_CONTEXT() REPRESENTATION_CONTEXT('2D SPACE',''
  ) );
#2139 = PCURVE('',#1875,#2140);
#2140 = DEFINITIONAL_REPRESENTATION('',(#2141),#2145);
#2141 = LINE('',#2142,#2143);
#2142 = CARTESIAN_POINT('',(21.540659228538,0.));
#2143 = VECTOR('',#2144,1.);
#2144 = DIRECTION('',(0.,-1.));
#2145 = ( GEOMETRIC_REPRESENTATION_CONTEXT(2) 
PARAMETRIC_REPRESENTATION_CONTEXT() REPRESENTATION_CONTEXT('2D SPACE',''
  ) );
#2146 = ORIENTED_EDGE('',*,*,#2147,.T.);
#2147 = EDGE_CURVE('',#2125,#2148,#2150,.T.);
#2148 = VERTEX_POINT('',#2149);
#2149 = CARTESIAN_POINT('',(9.7,6.,5.));
#2150 = SURFACE_CURVE('',#2151,(#2155,#2162),.PCURVE_S1.);
#2151 = LINE('',#2152,#2153);
#2152 = CARTESIAN_POINT('',(9.7,6.,25.));
#2153 = VECTOR('',#2154,1.);
#2154 = DIRECTION('',(0.,0.,-1.));
#2155 = PCURVE('',#1162,#2156);
#2156 = DEFINITIONAL_REPRESENTATION('',(#2157),#2161);
#2157 = LINE('',#2158,#2159);
#2158 = CARTESIAN_POINT('',(20.,22.7));
#2159 = VECTOR('',#2160,1.);
#2160 = DIRECTION('',(-1.,0.));
#2161 = ( GEOMETRIC_REPRESENTATION_CONTEXT(2) 
PARAMETRIC_REPRESENTATION_CONTEXT() REPRESENTATION_CONTEXT('2D SPACE',''
  ) );
#2162 = PCURVE('',#2163,#2168);
#2163 = PLANE('',#2164);
#2164 = AXIS2_PLACEMENT_3D('',#2165,#2166,#2167);
#2165 = CARTESIAN_POINT('',(9.7,8.385164807135,13.385164807135));
#2166 = DIRECTION('',(1.,0.,0.));
#2167 = DIRECTION('',(-0.,0.,1.));
#2168 = DEFINITIONAL_REPRESENTATION('',(#2169),#2173);
#2169 = LINE('',#2170,#2171);
#2170 = CARTESIAN_POINT('',(11.614835192865,2.385164807135));
#2171 = VECTOR('',#2172,1.);
#2172 = DIRECTION('',(-1.,0.));
#2173 = ( GEOMETRIC_REPRESENTATION_CONTEXT(2) 
PARAMETRIC_REPRESENTATION_CONTEXT() REPRESENTATION_CONTEXT('2D SPACE',''
  ) );
#2174 = ORIENTED_EDGE('',*,*,#2175,.F.);
#2175 = EDGE_CURVE('',#2176,#2148,#2178,.T.);
#2176 = VERTEX_POINT('',#2177);
#2177 = CARTESIAN_POINT('',(-9.7,6.,5.));
#2178 = SURFACE_CURVE('',#2179,(#2183,#2190),.PCURVE_S1.);
#2179 = LINE('',#2180,#2181);
#2180 = CARTESIAN_POINT('',(-13.,6.,5.));
#2181 = VECTOR('',#2182,1.);
#2182 = DIRECTION('',(1.,0.,0.));
#2183 = PCURVE('',#1162,#2184);
#2184 = DEFINITIONAL_REPRESENTATION('',(#2185),#2189);
#2185 = LINE('',#2186,#2187);
#2186 = CARTESIAN_POINT('',(0.,0.));
#2187 = VECTOR('',#2188,1.);
#2188 = DIRECTION('',(0.,1.));
#2189 = ( GEOMETRIC_REPRESENTATION_CONTEXT(2) 
PARAMETRIC_REPRESENTATION_CONTEXT() REPRESENTATION_CONTEXT('2D SPACE',''
  ) );
#2190 = PCURVE('',#1903,#2191);
#2191 = DEFINITIONAL_REPRESENTATION('',(#2192),#2196);
#2192 = LINE('',#2193,#2194);
#2193 = CARTESIAN_POINT('',(12.,21.));
#2194 = VECTOR('',#2195,1.);
#2195 = DIRECTION('',(1.,0.));
#2196 = ( GEOMETRIC_REPRESENTATION_CONTEXT(2) 
PARAMETRIC_REPRESENTATION_CONTEXT() REPRESENTATION_CONTEXT('2D SPACE',''
  ) );
#2197 = ORIENTED_EDGE('',*,*,#2198,.F.);
#2198 = EDGE_CURVE('',#2199,#2176,#2201,.T.);
#2199 = VERTEX_POINT('',#2200);
#2200 = CARTESIAN_POINT('',(-9.7,6.,25.));
#2201 = SURFACE_CURVE('',#2202,(#2206,#2213),.PCURVE_S1.);
#2202 = LINE('',#2203,#2204);
#2203 = CARTESIAN_POINT('',(-9.7,6.,25.));
#2204 = VECTOR('',#2205,1.);
#2205 = DIRECTION('',(0.,0.,-1.));
#2206 = PCURVE('',#1162,#2207);
#2207 = DEFINITIONAL_REPRESENTATION('',(#2208),#2212);
#2208 = LINE('',#2209,#2210);
#2209 = CARTESIAN_POINT('',(20.,3.3));
#2210 = VECTOR('',#2211,1.);
#2211 = DIRECTION('',(-1.,0.));
#2212 = ( GEOMETRIC_REPRESENTATION_CONTEXT(2) 
PARAMETRIC_REPRESENTATION_CONTEXT() REPRESENTATION_CONTEXT('2D SPACE',''
  ) );
#2213 = PCURVE('',#2214,#2219);
#2214 = PLANE('',#2215);
#2215 = AXIS2_PLACEMENT_3D('',#2216,#2217,#2218);
#2216 = CARTESIAN_POINT('',(-9.7,8.385164807135,13.385164807135));
#2217 = DIRECTION('',(1.,0.,0.));
#2218 = DIRECTION('',(-0.,0.,1.));
#2219 = DEFINITIONAL_REPRESENTATION('',(#2220),#2224);
#2220 = LINE('',#2221,#2222);
#2221 = CARTESIAN_POINT('',(11.614835192865,2.385164807135));
#2222 = VECTOR('',#2223,1.);
#2223 = DIRECTION('',(-1.,0.));
#2224 = ( GEOMETRIC_REPRESENTATION_CONTEXT(2) 
PARAMETRIC_REPRESENTATION_CONTEXT() REPRESENTATION_CONTEXT('2D SPACE',''
  ) );
#2225 = ORIENTED_EDGE('',*,*,#2226,.F.);
#2226 = EDGE_CURVE('',#1947,#2199,#2227,.T.);
#2227 = SURFACE_CURVE('',#2228,(#2232,#2239),.PCURVE_S1.);
#2228 = LINE('',#2229,#2230);
#2229 = CARTESIAN_POINT('',(-10.3,6.,25.));
#2230 = VECTOR('',#2231,1.);
#2231 = DIRECTION('',(1.,0.,0.));
#2232 = PCURVE('',#1162,#2233);
#2233 = DEFINITIONAL_REPRESENTATION('',(#2234),#2238);
#2234 = LINE('',#2235,#2236);
#2235 = CARTESIAN_POINT('',(20.,2.7));
#2236 = VECTOR('',#2237,1.);
#2237 = DIRECTION('',(0.,1.));
#2238 = ( GEOMETRIC_REPRESENTATION_CONTEXT(2) 
PARAMETRIC_REPRESENTATION_CONTEXT() REPRESENTATION_CONTEXT('2D SPACE',''
  ) );
#2239 = PCURVE('',#1929,#2240);
#2240 = DEFINITIONAL_REPRESENTATION('',(#2241),#2245);
#2241 = LINE('',#2242,#2243);
#2242 = CARTESIAN_POINT('',(21.540659228538,0.));
#2243 = VECTOR('',#2244,1.);
#2244 = DIRECTION('',(0.,-1.));
#2245 = ( GEOMETRIC_REPRESENTATION_CONTEXT(2) 
PARAMETRIC_REPRESENTATION_CONTEXT() REPRESENTATION_CONTEXT('2D SPACE',''
  ) );
#2246 = ORIENTED_EDGE('',*,*,#1969,.T.);
#2247 = FACE_BOUND('',#2248,.T.);
#2248 = EDGE_LOOP('',(#2249,#2277,#2303,#2329));
#2249 = ORIENTED_EDGE('',*,*,#2250,.T.);
#2250 = EDGE_CURVE('',#2251,#2253,#2255,.T.);
#2251 = VERTEX_POINT('',#2252);
#2252 = CARTESIAN_POINT('',(-9.,6.,22.));
#2253 = VERTEX_POINT('',#2254);
#2254 = CARTESIAN_POINT('',(-9.,6.,10.));
#2255 = SURFACE_CURVE('',#2256,(#2260,#2266),.PCURVE_S1.);
#2256 = LINE('',#2257,#2258);
#2257 = CARTESIAN_POINT('',(-9.,6.,13.5));
#2258 = VECTOR('',#2259,1.);
#2259 = DIRECTION('',(0.,0.,-1.));
#2260 = PCURVE('',#1162,#2261);
#2261 = DEFINITIONAL_REPRESENTATION('',(#2262),#2265);
#2262 = B_SPLINE_CURVE_WITH_KNOTS('',1,(#2263,#2264),.UNSPECIFIED.,.F.,
  .F.,(2,2),(-8.5,3.5),.PIECEWISE_BEZIER_KNOTS.);
#2263 = CARTESIAN_POINT('',(17.,4.));
#2264 = CARTESIAN_POINT('',(5.,4.));
#2265 = ( GEOMETRIC_REPRESENTATION_CONTEXT(2) 
PARAMETRIC_REPRESENTATION_CONTEXT() REPRESENTATION_CONTEXT('2D SPACE',''
  ) );
#2266 = PCURVE('',#2267,#2272);
#2267 = PLANE('',#2268);
#2268 = AXIS2_PLACEMENT_3D('',#2269,#2270,#2271);
#2269 = CARTESIAN_POINT('',(-9.,0.,22.));
#2270 = DIRECTION('',(1.,0.,0.));
#2271 = DIRECTION('',(0.,0.,-1.));
#2272 = DEFINITIONAL_REPRESENTATION('',(#2273),#2276);
#2273 = B_SPLINE_CURVE_WITH_KNOTS('',1,(#2274,#2275),.UNSPECIFIED.,.F.,
  .F.,(2,2),(-8.5,3.5),.PIECEWISE_BEZIER_KNOTS.);
#2274 = CARTESIAN_POINT('',(0.,6.));
#2275 = CARTESIAN_POINT('',(12.,6.));
#2276 = ( GEOMETRIC_REPRESENTATION_CONTEXT(2) 
PARAMETRIC_REPRESENTATION_CONTEXT() REPRESENTATION_CONTEXT('2D SPACE',''
  ) );
#2277 = ORIENTED_EDGE('',*,*,#2278,.T.);
#2278 = EDGE_CURVE('',#2253,#2279,#2281,.T.);
#2279 = VERTEX_POINT('',#2280);
#2280 = CARTESIAN_POINT('',(9.,6.,10.));
#2281 = SURFACE_CURVE('',#2282,(#2286,#2292),.PCURVE_S1.);
#2282 = LINE('',#2283,#2284);
#2283 = CARTESIAN_POINT('',(-11.,6.,10.));
#2284 = VECTOR('',#2285,1.);
#2285 = DIRECTION('',(1.,-0.,0.));
#2286 = PCURVE('',#1162,#2287);
#2287 = DEFINITIONAL_REPRESENTATION('',(#2288),#2291);
#2288 = B_SPLINE_CURVE_WITH_KNOTS('',1,(#2289,#2290),.UNSPECIFIED.,.F.,
  .F.,(2,2),(2.,20.),.PIECEWISE_BEZIER_KNOTS.);
#2289 = CARTESIAN_POINT('',(5.,4.));
#2290 = CARTESIAN_POINT('',(5.,22.));
#2291 = ( GEOMETRIC_REPRESENTATION_CONTEXT(2) 
PARAMETRIC_REPRESENTATION_CONTEXT() REPRESENTATION_CONTEXT('2D SPACE',''
  ) );
#2292 = PCURVE('',#2293,#2298);
#2293 = PLANE('',#2294);
#2294 = AXIS2_PLACEMENT_3D('',#2295,#2296,#2297);
#2295 = CARTESIAN_POINT('',(-9.,0.,10.));
#2296 = DIRECTION('',(-0.,0.,1.));
#2297 = DIRECTION('',(1.,0.,0.));
#2298 = DEFINITIONAL_REPRESENTATION('',(#2299),#2302);
#2299 = B_SPLINE_CURVE_WITH_KNOTS('',1,(#2300,#2301),.UNSPECIFIED.,.F.,
  .F.,(2,2),(2.,20.),.PIECEWISE_BEZIER_KNOTS.);
#2300 = CARTESIAN_POINT('',(0.,6.));
#2301 = CARTESIAN_POINT('',(18.,6.));
#2302 = ( GEOMETRIC_REPRESENTATION_CONTEXT(2) 
PARAMETRIC_REPRESENTATION_CONTEXT() REPRESENTATION_CONTEXT('2D SPACE',''
  ) );
#2303 = ORIENTED_EDGE('',*,*,#2304,.T.);
#2304 = EDGE_CURVE('',#2279,#2305,#2307,.T.);
#2305 = VERTEX_POINT('',#2306);
#2306 = CARTESIAN_POINT('',(9.,6.,22.));
#2307 = SURFACE_CURVE('',#2308,(#2312,#2318),.PCURVE_S1.);
#2308 = LINE('',#2309,#2310);
#2309 = CARTESIAN_POINT('',(9.,6.,7.5));
#2310 = VECTOR('',#2311,1.);
#2311 = DIRECTION('',(0.,-0.,1.));
#2312 = PCURVE('',#1162,#2313);
#2313 = DEFINITIONAL_REPRESENTATION('',(#2314),#2317);
#2314 = B_SPLINE_CURVE_WITH_KNOTS('',1,(#2315,#2316),.UNSPECIFIED.,.F.,
  .F.,(2,2),(2.5,14.5),.PIECEWISE_BEZIER_KNOTS.);
#2315 = CARTESIAN_POINT('',(5.,22.));
#2316 = CARTESIAN_POINT('',(17.,22.));
#2317 = ( GEOMETRIC_REPRESENTATION_CONTEXT(2) 
PARAMETRIC_REPRESENTATION_CONTEXT() REPRESENTATION_CONTEXT('2D SPACE',''
  ) );
#2318 = PCURVE('',#2319,#2324);
#2319 = PLANE('',#2320);
#2320 = AXIS2_PLACEMENT_3D('',#2321,#2322,#2323);
#2321 = CARTESIAN_POINT('',(9.,0.,10.));
#2322 = DIRECTION('',(-1.,0.,0.));
#2323 = DIRECTION('',(0.,0.,1.));
#2324 = DEFINITIONAL_REPRESENTATION('',(#2325),#2328);
#2325 = B_SPLINE_CURVE_WITH_KNOTS('',1,(#2326,#2327),.UNSPECIFIED.,.F.,
  .F.,(2,2),(2.5,14.5),.PIECEWISE_BEZIER_KNOTS.);
#2326 = CARTESIAN_POINT('',(0.,6.));
#2327 = CARTESIAN_POINT('',(12.,6.));
#2328 = ( GEOMETRIC_REPRESENTATION_CONTEXT(2) 
PARAMETRIC_REPRESENTATION_CONTEXT() REPRESENTATION_CONTEXT('2D SPACE',''
  ) );
#2329 = ORIENTED_EDGE('',*,*,#2330,.T.);
#2330 = EDGE_CURVE('',#2305,#2251,#2331,.T.);
#2331 = SURFACE_CURVE('',#2332,(#2336,#2342),.PCURVE_S1.);
#2332 = LINE('',#2333,#2334);
#2333 = CARTESIAN_POINT('',(-2.,6.,22.));
#2334 = VECTOR('',#2335,1.);
#2335 = DIRECTION('',(-1.,0.,0.));
#2336 = PCURVE('',#1162,#2337);
#2337 = DEFINITIONAL_REPRESENTATION('',(#2338),#2341);
#2338 = B_SPLINE_CURVE_WITH_KNOTS('',1,(#2339,#2340),.UNSPECIFIED.,.F.,
  .F.,(2,2),(-11.,7.),.PIECEWISE_BEZIER_KNOTS.);
#2339 = CARTESIAN_POINT('',(17.,22.));
#2340 = CARTESIAN_POINT('',(17.,4.));
#2341 = ( GEOMETRIC_REPRESENTATION_CONTEXT(2) 
PARAMETRIC_REPRESENTATION_CONTEXT() REPRESENTATION_CONTEXT('2D SPACE',''
  ) );
#2342 = PCURVE('',#2343,#2348);
#2343 = PLANE('',#2344);
#2344 = AXIS2_PLACEMENT_3D('',#2345,#2346,#2347);
#2345 = CARTESIAN_POINT('',(9.,0.,22.));
#2346 = DIRECTION('',(-0.,-0.,-1.));
#2347 = DIRECTION('',(-1.,0.,0.));
#2348 = DEFINITIONAL_REPRESENTATION('',(#2349),#2352);
#2349 = B_SPLINE_CURVE_WITH_KNOTS('',1,(#2350,#2351),.UNSPECIFIED.,.F.,
  .F.,(2,2),(-11.,7.),.PIECEWISE_BEZIER_KNOTS.);
#2350 = CARTESIAN_POINT('',(0.,6.));
#2351 = CARTESIAN_POINT('',(18.,6.));
#2352 = ( GEOMETRIC_REPRESENTATION_CONTEXT(2) 
PARAMETRIC_REPRESENTATION_CONTEXT() REPRESENTATION_CONTEXT('2D SPACE',''
  ) );
#2353 = FACE_BOUND('',#2354,.T.);
#2354 = EDGE_LOOP('',(#2355));
#2355 = ORIENTED_EDGE('',*,*,#2356,.T.);
#2356 = EDGE_CURVE('',#2357,#2357,#2359,.T.);
#2357 = VERTEX_POINT('',#2358);
#2358 = CARTESIAN_POINT('',(3.1,6.,36.));
#2359 = SURFACE_CURVE('',#2360,(#2365,#2376),.PCURVE_S1.);
#2360 = CIRCLE('',#2361,3.1);
#2361 = AXIS2_PLACEMENT_3D('',#2362,#2363,#2364);
#2362 = CARTESIAN_POINT('',(0.,6.,36.));
#2363 = DIRECTION('',(0.,-1.,0.));
#2364 = DIRECTION('',(1.,0.,0.));
#2365 = PCURVE('',#1162,#2366);
#2366 = DEFINITIONAL_REPRESENTATION('',(#2367),#2375);
#2367 = ( BOUNDED_CURVE() B_SPLINE_CURVE(2,(#2368,#2369,#2370,#2371,
#2372,#2373,#2374),.UNSPECIFIED.,.T.,.F.) B_SPLINE_CURVE_WITH_KNOTS((1,2
    ,2,2,2,1),(-2.094395102393,0.,2.094395102393,4.188790204786,
6.28318530718,8.377580409573),.UNSPECIFIED.) CURVE() 
GEOMETRIC_REPRESENTATION_ITEM() RATIONAL_B_SPLINE_CURVE((1.,0.5,1.,0.5,
1.,0.5,1.)) REPRESENTATION_ITEM('') );
#2368 = CARTESIAN_POINT('',(31.,16.1));
#2369 = CARTESIAN_POINT('',(36.369357503464,16.1));
#2370 = CARTESIAN_POINT('',(33.684678751732,11.45));
#2371 = CARTESIAN_POINT('',(31.,6.8));
#2372 = CARTESIAN_POINT('',(28.315321248268,11.45));
#2373 = CARTESIAN_POINT('',(25.630642496536,16.1));
#2374 = CARTESIAN_POINT('',(31.,16.1));
#2375 = ( GEOMETRIC_REPRESENTATION_CONTEXT(2) 
PARAMETRIC_REPRESENTATION_CONTEXT() REPRESENTATION_CONTEXT('2D SPACE',''
  ) );
#2376 = PCURVE('',#2377,#2382);
#2377 = CYLINDRICAL_SURFACE('',#2378,3.1);
#2378 = AXIS2_PLACEMENT_3D('',#2379,#2380,#2381);
#2379 = CARTESIAN_POINT('',(0.,0.,36.));
#2380 = DIRECTION('',(0.,-1.,0.));
#2381 = DIRECTION('',(1.,0.,0.));
#2382 = DEFINITIONAL_REPRESENTATION('',(#2383),#2387);
#2383 = LINE('',#2384,#2385);
#2384 = CARTESIAN_POINT('',(0.,-6.));
#2385 = VECTOR('',#2386,1.);
#2386 = DIRECTION('',(1.,0.));
#2387 = ( GEOMETRIC_REPRESENTATION_CONTEXT(2) 
PARAMETRIC_REPRESENTATION_CONTEXT() REPRESENTATION_CONTEXT('2D SPACE',''
  ) );
#2388 = ADVANCED_FACE('',(#2389),#1134,.F.);
#2389 = FACE_BOUND('',#2390,.F.);
#2390 = EDGE_LOOP('',(#2391,#2414,#2415,#2416));
#2391 = ORIENTED_EDGE('',*,*,#2392,.F.);
#2392 = EDGE_CURVE('',#1091,#2393,#2395,.T.);
#2393 = VERTEX_POINT('',#2394);
#2394 = CARTESIAN_POINT('',(-13.,-6.,45.));
#2395 = SURFACE_CURVE('',#2396,(#2400,#2407),.PCURVE_S1.);
#2396 = LINE('',#2397,#2398);
#2397 = CARTESIAN_POINT('',(-13.,-6.,5.));
#2398 = VECTOR('',#2399,1.);
#2399 = DIRECTION('',(0.,0.,1.));
#2400 = PCURVE('',#1134,#2401);
#2401 = DEFINITIONAL_REPRESENTATION('',(#2402),#2406);
#2402 = LINE('',#2403,#2404);
#2403 = CARTESIAN_POINT('',(0.,0.));
#2404 = VECTOR('',#2405,1.);
#2405 = DIRECTION('',(1.,0.));
#2406 = ( GEOMETRIC_REPRESENTATION_CONTEXT(2) 
PARAMETRIC_REPRESENTATION_CONTEXT() REPRESENTATION_CONTEXT('2D SPACE',''
  ) );
#2407 = PCURVE('',#1106,#2408);
#2408 = DEFINITIONAL_REPRESENTATION('',(#2409),#2413);
#2409 = LINE('',#2410,#2411);
#2410 = CARTESIAN_POINT('',(0.,0.));
#2411 = VECTOR('',#2412,1.);
#2412 = DIRECTION('',(1.,0.));
#2413 = ( GEOMETRIC_REPRESENTATION_CONTEXT(2) 
PARAMETRIC_REPRESENTATION_CONTEXT() REPRESENTATION_CONTEXT('2D SPACE',''
  ) );
#2414 = ORIENTED_EDGE('',*,*,#1118,.T.);
#2415 = ORIENTED_EDGE('',*,*,#1994,.T.);
#2416 = ORIENTED_EDGE('',*,*,#2417,.F.);
#2417 = EDGE_CURVE('',#2393,#1995,#2418,.T.);
#2418 = SURFACE_CURVE('',#2419,(#2423,#2430),.PCURVE_S1.);
#2419 = LINE('',#2420,#2421);
#2420 = CARTESIAN_POINT('',(-13.,-6.,45.));
#2421 = VECTOR('',#2422,1.);
#2422 = DIRECTION('',(0.,1.,0.));
#2423 = PCURVE('',#1134,#2424);
#2424 = DEFINITIONAL_REPRESENTATION('',(#2425),#2429);
#2425 = LINE('',#2426,#2427);
#2426 = CARTESIAN_POINT('',(40.,0.));
#2427 = VECTOR('',#2428,1.);
#2428 = DIRECTION('',(0.,-1.));
#2429 = ( GEOMETRIC_REPRESENTATION_CONTEXT(2) 
PARAMETRIC_REPRESENTATION_CONTEXT() REPRESENTATION_CONTEXT('2D SPACE',''
  ) );
#2430 = PCURVE('',#2033,#2431);
#2431 = DEFINITIONAL_REPRESENTATION('',(#2432),#2436);
#2432 = LINE('',#2433,#2434);
#2433 = CARTESIAN_POINT('',(0.,0.));
#2434 = VECTOR('',#2435,1.);
#2435 = DIRECTION('',(0.,1.));
#2436 = ( GEOMETRIC_REPRESENTATION_CONTEXT(2) 
PARAMETRIC_REPRESENTATION_CONTEXT() REPRESENTATION_CONTEXT('2D SPACE',''
  ) );
#2437 = ADVANCED_FACE('',(#2438,#2685,#2771),#1106,.F.);
#2438 = FACE_BOUND('',#2439,.F.);
#2439 = EDGE_LOOP('',(#2440,#2441,#2442,#2465,#2488,#2511,#2539,#2562,
    #2590,#2613,#2641,#2664));
#2440 = ORIENTED_EDGE('',*,*,#1090,.F.);
#2441 = ORIENTED_EDGE('',*,*,#2392,.T.);
#2442 = ORIENTED_EDGE('',*,*,#2443,.T.);
#2443 = EDGE_CURVE('',#2393,#2444,#2446,.T.);
#2444 = VERTEX_POINT('',#2445);
#2445 = CARTESIAN_POINT('',(13.,-6.,45.));
#2446 = SURFACE_CURVE('',#2447,(#2451,#2458),.PCURVE_S1.);
#2447 = LINE('',#2448,#2449);
#2448 = CARTESIAN_POINT('',(-13.,-6.,45.));
#2449 = VECTOR('',#2450,1.);
#2450 = DIRECTION('',(1.,0.,0.));
#2451 = PCURVE('',#1106,#2452);
#2452 = DEFINITIONAL_REPRESENTATION('',(#2453),#2457);
#2453 = LINE('',#2454,#2455);
#2454 = CARTESIAN_POINT('',(40.,0.));
#2455 = VECTOR('',#2456,1.);
#2456 = DIRECTION('',(0.,1.));
#2457 = ( GEOMETRIC_REPRESENTATION_CONTEXT(2) 
PARAMETRIC_REPRESENTATION_CONTEXT() REPRESENTATION_CONTEXT('2D SPACE',''
  ) );
#2458 = PCURVE('',#2033,#2459);
#2459 = DEFINITIONAL_REPRESENTATION('',(#2460),#2464);
#2460 = LINE('',#2461,#2462);
#2461 = CARTESIAN_POINT('',(0.,0.));
#2462 = VECTOR('',#2463,1.);
#2463 = DIRECTION('',(1.,0.));
#2464 = ( GEOMETRIC_REPRESENTATION_CONTEXT(2) 
PARAMETRIC_REPRESENTATION_CONTEXT() REPRESENTATION_CONTEXT('2D SPACE',''
  ) );
#2465 = ORIENTED_EDGE('',*,*,#2466,.F.);
#2466 = EDGE_CURVE('',#2467,#2444,#2469,.T.);
#2467 = VERTEX_POINT('',#2468);
#2468 = CARTESIAN_POINT('',(13.,-6.,5.));
#2469 = SURFACE_CURVE('',#2470,(#2474,#2481),.PCURVE_S1.);
#2470 = LINE('',#2471,#2472);
#2471 = CARTESIAN_POINT('',(13.,-6.,5.));
#2472 = VECTOR('',#2473,1.);
#2473 = DIRECTION('',(0.,0.,1.));
#2474 = PCURVE('',#1106,#2475);
#2475 = DEFINITIONAL_REPRESENTATION('',(#2476),#2480);
#2476 = LINE('',#2477,#2478);
#2477 = CARTESIAN_POINT('',(0.,26.));
#2478 = VECTOR('',#2479,1.);
#2479 = DIRECTION('',(1.,0.));
#2480 = ( GEOMETRIC_REPRESENTATION_CONTEXT(2) 
PARAMETRIC_REPRESENTATION_CONTEXT() REPRESENTATION_CONTEXT('2D SPACE',''
  ) );
#2481 = PCURVE('',#2061,#2482);
#2482 = DEFINITIONAL_REPRESENTATION('',(#2483),#2487);
#2483 = LINE('',#2484,#2485);
#2484 = CARTESIAN_POINT('',(0.,0.));
#2485 = VECTOR('',#2486,1.);
#2486 = DIRECTION('',(1.,0.));
#2487 = ( GEOMETRIC_REPRESENTATION_CONTEXT(2) 
PARAMETRIC_REPRESENTATION_CONTEXT() REPRESENTATION_CONTEXT('2D SPACE',''
  ) );
#2488 = ORIENTED_EDGE('',*,*,#2489,.F.);
#2489 = EDGE_CURVE('',#2490,#2467,#2492,.T.);
#2490 = VERTEX_POINT('',#2491);
#2491 = CARTESIAN_POINT('',(10.3,-6.,5.));
#2492 = SURFACE_CURVE('',#2493,(#2497,#2504),.PCURVE_S1.);
#2493 = LINE('',#2494,#2495);
#2494 = CARTESIAN_POINT('',(-13.,-6.,5.));
#2495 = VECTOR('',#2496,1.);
#2496 = DIRECTION('',(1.,0.,0.));
#2497 = PCURVE('',#1106,#2498);
#2498 = DEFINITIONAL_REPRESENTATION('',(#2499),#2503);
#2499 = LINE('',#2500,#2501);
#2500 = CARTESIAN_POINT('',(0.,0.));
#2501 = VECTOR('',#2502,1.);
#2502 = DIRECTION('',(0.,1.));
#2503 = ( GEOMETRIC_REPRESENTATION_CONTEXT(2) 
PARAMETRIC_REPRESENTATION_CONTEXT() REPRESENTATION_CONTEXT('2D SPACE',''
  ) );
#2504 = PCURVE('',#1689,#2505);
#2505 = DEFINITIONAL_REPRESENTATION('',(#2506),#2510);
#2506 = LINE('',#2507,#2508);
#2507 = CARTESIAN_POINT('',(12.,9.));
#2508 = VECTOR('',#2509,1.);
#2509 = DIRECTION('',(1.,0.));
#2510 = ( GEOMETRIC_REPRESENTATION_CONTEXT(2) 
PARAMETRIC_REPRESENTATION_CONTEXT() REPRESENTATION_CONTEXT('2D SPACE',''
  ) );
#2511 = ORIENTED_EDGE('',*,*,#2512,.F.);
#2512 = EDGE_CURVE('',#2513,#2490,#2515,.T.);
#2513 = VERTEX_POINT('',#2514);
#2514 = CARTESIAN_POINT('',(10.3,-6.,25.));
#2515 = SURFACE_CURVE('',#2516,(#2520,#2527),.PCURVE_S1.);
#2516 = LINE('',#2517,#2518);
#2517 = CARTESIAN_POINT('',(10.3,-6.,25.));
#2518 = VECTOR('',#2519,1.);
#2519 = DIRECTION('',(0.,0.,-1.));
#2520 = PCURVE('',#1106,#2521);
#2521 = DEFINITIONAL_REPRESENTATION('',(#2522),#2526);
#2522 = LINE('',#2523,#2524);
#2523 = CARTESIAN_POINT('',(20.,23.3));
#2524 = VECTOR('',#2525,1.);
#2525 = DIRECTION('',(-1.,0.));
#2526 = ( GEOMETRIC_REPRESENTATION_CONTEXT(2) 
PARAMETRIC_REPRESENTATION_CONTEXT() REPRESENTATION_CONTEXT('2D SPACE',''
  ) );
#2527 = PCURVE('',#2528,#2533);
#2528 = PLANE('',#2529);
#2529 = AXIS2_PLACEMENT_3D('',#2530,#2531,#2532);
#2530 = CARTESIAN_POINT('',(10.3,-8.385164807135,13.385164807135));
#2531 = DIRECTION('',(-1.,-0.,-0.));
#2532 = DIRECTION('',(0.,0.,-1.));
#2533 = DEFINITIONAL_REPRESENTATION('',(#2534),#2538);
#2534 = LINE('',#2535,#2536);
#2535 = CARTESIAN_POINT('',(-11.61483519286,-2.385164807135));
#2536 = VECTOR('',#2537,1.);
#2537 = DIRECTION('',(1.,0.));
#2538 = ( GEOMETRIC_REPRESENTATION_CONTEXT(2) 
PARAMETRIC_REPRESENTATION_CONTEXT() REPRESENTATION_CONTEXT('2D SPACE',''
  ) );
#2539 = ORIENTED_EDGE('',*,*,#2540,.F.);
#2540 = EDGE_CURVE('',#2541,#2513,#2543,.T.);
#2541 = VERTEX_POINT('',#2542);
#2542 = CARTESIAN_POINT('',(9.7,-6.,25.));
#2543 = SURFACE_CURVE('',#2544,(#2548,#2555),.PCURVE_S1.);
#2544 = LINE('',#2545,#2546);
#2545 = CARTESIAN_POINT('',(9.7,-6.,25.));
#2546 = VECTOR('',#2547,1.);
#2547 = DIRECTION('',(1.,0.,0.));
#2548 = PCURVE('',#1106,#2549);
#2549 = DEFINITIONAL_REPRESENTATION('',(#2550),#2554);
#2550 = LINE('',#2551,#2552);
#2551 = CARTESIAN_POINT('',(20.,22.7));
#2552 = VECTOR('',#2553,1.);
#2553 = DIRECTION('',(0.,1.));
#2554 = ( GEOMETRIC_REPRESENTATION_CONTEXT(2) 
PARAMETRIC_REPRESENTATION_CONTEXT() REPRESENTATION_CONTEXT('2D SPACE',''
  ) );
#2555 = PCURVE('',#1663,#2556);
#2556 = DEFINITIONAL_REPRESENTATION('',(#2557),#2561);
#2557 = LINE('',#2558,#2559);
#2558 = CARTESIAN_POINT('',(21.540659228538,0.));
#2559 = VECTOR('',#2560,1.);
#2560 = DIRECTION('',(0.,-1.));
#2561 = ( GEOMETRIC_REPRESENTATION_CONTEXT(2) 
PARAMETRIC_REPRESENTATION_CONTEXT() REPRESENTATION_CONTEXT('2D SPACE',''
  ) );
#2562 = ORIENTED_EDGE('',*,*,#2563,.T.);
#2563 = EDGE_CURVE('',#2541,#2564,#2566,.T.);
#2564 = VERTEX_POINT('',#2565);
#2565 = CARTESIAN_POINT('',(9.7,-6.,5.));
#2566 = SURFACE_CURVE('',#2567,(#2571,#2578),.PCURVE_S1.);
#2567 = LINE('',#2568,#2569);
#2568 = CARTESIAN_POINT('',(9.7,-6.,25.));
#2569 = VECTOR('',#2570,1.);
#2570 = DIRECTION('',(0.,0.,-1.));
#2571 = PCURVE('',#1106,#2572);
#2572 = DEFINITIONAL_REPRESENTATION('',(#2573),#2577);
#2573 = LINE('',#2574,#2575);
#2574 = CARTESIAN_POINT('',(20.,22.7));
#2575 = VECTOR('',#2576,1.);
#2576 = DIRECTION('',(-1.,0.));
#2577 = ( GEOMETRIC_REPRESENTATION_CONTEXT(2) 
PARAMETRIC_REPRESENTATION_CONTEXT() REPRESENTATION_CONTEXT('2D SPACE',''
  ) );
#2578 = PCURVE('',#2579,#2584);
#2579 = PLANE('',#2580);
#2580 = AXIS2_PLACEMENT_3D('',#2581,#2582,#2583);
#2581 = CARTESIAN_POINT('',(9.7,-8.385164807135,13.385164807135));
#2582 = DIRECTION('',(-1.,-0.,-0.));
#2583 = DIRECTION('',(0.,0.,-1.));
#2584 = DEFINITIONAL_REPRESENTATION('',(#2585),#2589);
#2585 = LINE('',#2586,#2587);
#2586 = CARTESIAN_POINT('',(-11.61483519286,-2.385164807135));
#2587 = VECTOR('',#2588,1.);
#2588 = DIRECTION('',(1.,0.));
#2589 = ( GEOMETRIC_REPRESENTATION_CONTEXT(2) 
PARAMETRIC_REPRESENTATION_CONTEXT() REPRESENTATION_CONTEXT('2D SPACE',''
  ) );
#2590 = ORIENTED_EDGE('',*,*,#2591,.F.);
#2591 = EDGE_CURVE('',#2592,#2564,#2594,.T.);
#2592 = VERTEX_POINT('',#2593);
#2593 = CARTESIAN_POINT('',(-9.7,-6.,5.));
#2594 = SURFACE_CURVE('',#2595,(#2599,#2606),.PCURVE_S1.);
#2595 = LINE('',#2596,#2597);
#2596 = CARTESIAN_POINT('',(-13.,-6.,5.));
#2597 = VECTOR('',#2598,1.);
#2598 = DIRECTION('',(1.,0.,0.));
#2599 = PCURVE('',#1106,#2600);
#2600 = DEFINITIONAL_REPRESENTATION('',(#2601),#2605);
#2601 = LINE('',#2602,#2603);
#2602 = CARTESIAN_POINT('',(0.,0.));
#2603 = VECTOR('',#2604,1.);
#2604 = DIRECTION('',(0.,1.));
#2605 = ( GEOMETRIC_REPRESENTATION_CONTEXT(2) 
PARAMETRIC_REPRESENTATION_CONTEXT() REPRESENTATION_CONTEXT('2D SPACE',''
  ) );
#2606 = PCURVE('',#1635,#2607);
#2607 = DEFINITIONAL_REPRESENTATION('',(#2608),#2612);
#2608 = LINE('',#2609,#2610);
#2609 = CARTESIAN_POINT('',(12.,9.));
#2610 = VECTOR('',#2611,1.);
#2611 = DIRECTION('',(1.,0.));
#2612 = ( GEOMETRIC_REPRESENTATION_CONTEXT(2) 
PARAMETRIC_REPRESENTATION_CONTEXT() REPRESENTATION_CONTEXT('2D SPACE',''
  ) );
#2613 = ORIENTED_EDGE('',*,*,#2614,.F.);
#2614 = EDGE_CURVE('',#2615,#2592,#2617,.T.);
#2615 = VERTEX_POINT('',#2616);
#2616 = CARTESIAN_POINT('',(-9.7,-6.,25.));
#2617 = SURFACE_CURVE('',#2618,(#2622,#2629),.PCURVE_S1.);
#2618 = LINE('',#2619,#2620);
#2619 = CARTESIAN_POINT('',(-9.7,-6.,25.));
#2620 = VECTOR('',#2621,1.);
#2621 = DIRECTION('',(0.,0.,-1.));
#2622 = PCURVE('',#1106,#2623);
#2623 = DEFINITIONAL_REPRESENTATION('',(#2624),#2628);
#2624 = LINE('',#2625,#2626);
#2625 = CARTESIAN_POINT('',(20.,3.3));
#2626 = VECTOR('',#2627,1.);
#2627 = DIRECTION('',(-1.,0.));
#2628 = ( GEOMETRIC_REPRESENTATION_CONTEXT(2) 
PARAMETRIC_REPRESENTATION_CONTEXT() REPRESENTATION_CONTEXT('2D SPACE',''
  ) );
#2629 = PCURVE('',#2630,#2635);
#2630 = PLANE('',#2631);
#2631 = AXIS2_PLACEMENT_3D('',#2632,#2633,#2634);
#2632 = CARTESIAN_POINT('',(-9.7,-8.385164807135,13.385164807135));
#2633 = DIRECTION('',(-1.,-0.,-0.));
#2634 = DIRECTION('',(0.,0.,-1.));
#2635 = DEFINITIONAL_REPRESENTATION('',(#2636),#2640);
#2636 = LINE('',#2637,#2638);
#2637 = CARTESIAN_POINT('',(-11.61483519286,-2.385164807135));
#2638 = VECTOR('',#2639,1.);
#2639 = DIRECTION('',(1.,0.));
#2640 = ( GEOMETRIC_REPRESENTATION_CONTEXT(2) 
PARAMETRIC_REPRESENTATION_CONTEXT() REPRESENTATION_CONTEXT('2D SPACE',''
  ) );
#2641 = ORIENTED_EDGE('',*,*,#2642,.F.);
#2642 = EDGE_CURVE('',#2643,#2615,#2645,.T.);
#2643 = VERTEX_POINT('',#2644);
#2644 = CARTESIAN_POINT('',(-10.3,-6.,25.));
#2645 = SURFACE_CURVE('',#2646,(#2650,#2657),.PCURVE_S1.);
#2646 = LINE('',#2647,#2648);
#2647 = CARTESIAN_POINT('',(-10.3,-6.,25.));
#2648 = VECTOR('',#2649,1.);
#2649 = DIRECTION('',(1.,0.,0.));
#2650 = PCURVE('',#1106,#2651);
#2651 = DEFINITIONAL_REPRESENTATION('',(#2652),#2656);
#2652 = LINE('',#2653,#2654);
#2653 = CARTESIAN_POINT('',(20.,2.7));
#2654 = VECTOR('',#2655,1.);
#2655 = DIRECTION('',(0.,1.));
#2656 = ( GEOMETRIC_REPRESENTATION_CONTEXT(2) 
PARAMETRIC_REPRESENTATION_CONTEXT() REPRESENTATION_CONTEXT('2D SPACE',''
  ) );
#2657 = PCURVE('',#1607,#2658);
#2658 = DEFINITIONAL_REPRESENTATION('',(#2659),#2663);
#2659 = LINE('',#2660,#2661);
#2660 = CARTESIAN_POINT('',(21.540659228538,0.));
#2661 = VECTOR('',#2662,1.);
#2662 = DIRECTION('',(0.,-1.));
#2663 = ( GEOMETRIC_REPRESENTATION_CONTEXT(2) 
PARAMETRIC_REPRESENTATION_CONTEXT() REPRESENTATION_CONTEXT('2D SPACE',''
  ) );
#2664 = ORIENTED_EDGE('',*,*,#2665,.T.);
#2665 = EDGE_CURVE('',#2643,#1063,#2666,.T.);
#2666 = SURFACE_CURVE('',#2667,(#2671,#2678),.PCURVE_S1.);
#2667 = LINE('',#2668,#2669);
#2668 = CARTESIAN_POINT('',(-10.3,-6.,25.));
#2669 = VECTOR('',#2670,1.);
#2670 = DIRECTION('',(0.,0.,-1.));
#2671 = PCURVE('',#1106,#2672);
#2672 = DEFINITIONAL_REPRESENTATION('',(#2673),#2677);
#2673 = LINE('',#2674,#2675);
#2674 = CARTESIAN_POINT('',(20.,2.7));
#2675 = VECTOR('',#2676,1.);
#2676 = DIRECTION('',(-1.,0.));
#2677 = ( GEOMETRIC_REPRESENTATION_CONTEXT(2) 
PARAMETRIC_REPRESENTATION_CONTEXT() REPRESENTATION_CONTEXT('2D SPACE',''
  ) );
#2678 = PCURVE('',#1078,#2679);
#2679 = DEFINITIONAL_REPRESENTATION('',(#2680),#2684);
#2680 = LINE('',#2681,#2682);
#2681 = CARTESIAN_POINT('',(-11.61483519286,-2.385164807135));
#2682 = VECTOR('',#2683,1.);
#2683 = DIRECTION('',(1.,0.));
#2684 = ( GEOMETRIC_REPRESENTATION_CONTEXT(2) 
PARAMETRIC_REPRESENTATION_CONTEXT() REPRESENTATION_CONTEXT('2D SPACE',''
  ) );
#2685 = FACE_BOUND('',#2686,.F.);
#2686 = EDGE_LOOP('',(#2687,#2710,#2731,#2752));
#2687 = ORIENTED_EDGE('',*,*,#2688,.T.);
#2688 = EDGE_CURVE('',#2689,#2691,#2693,.T.);
#2689 = VERTEX_POINT('',#2690);
#2690 = CARTESIAN_POINT('',(-9.,-6.,22.));
#2691 = VERTEX_POINT('',#2692);
#2692 = CARTESIAN_POINT('',(-9.,-6.,10.));
#2693 = SURFACE_CURVE('',#2694,(#2698,#2704),.PCURVE_S1.);
#2694 = LINE('',#2695,#2696);
#2695 = CARTESIAN_POINT('',(-9.,-6.,13.5));
#2696 = VECTOR('',#2697,1.);
#2697 = DIRECTION('',(0.,0.,-1.));
#2698 = PCURVE('',#1106,#2699);
#2699 = DEFINITIONAL_REPRESENTATION('',(#2700),#2703);
#2700 = B_SPLINE_CURVE_WITH_KNOTS('',1,(#2701,#2702),.UNSPECIFIED.,.F.,
  .F.,(2,2),(-8.5,3.5),.PIECEWISE_BEZIER_KNOTS.);
#2701 = CARTESIAN_POINT('',(17.,4.));
#2702 = CARTESIAN_POINT('',(5.,4.));
#2703 = ( GEOMETRIC_REPRESENTATION_CONTEXT(2) 
PARAMETRIC_REPRESENTATION_CONTEXT() REPRESENTATION_CONTEXT('2D SPACE',''
  ) );
#2704 = PCURVE('',#2267,#2705);
#2705 = DEFINITIONAL_REPRESENTATION('',(#2706),#2709);
#2706 = B_SPLINE_CURVE_WITH_KNOTS('',1,(#2707,#2708),.UNSPECIFIED.,.F.,
  .F.,(2,2),(-8.5,3.5),.PIECEWISE_BEZIER_KNOTS.);
#2707 = CARTESIAN_POINT('',(0.,-6.));
#2708 = CARTESIAN_POINT('',(12.,-6.));
#2709 = ( GEOMETRIC_REPRESENTATION_CONTEXT(2) 
PARAMETRIC_REPRESENTATION_CONTEXT() REPRESENTATION_CONTEXT('2D SPACE',''
  ) );
#2710 = ORIENTED_EDGE('',*,*,#2711,.T.);
#2711 = EDGE_CURVE('',#2691,#2712,#2714,.T.);
#2712 = VERTEX_POINT('',#2713);
#2713 = CARTESIAN_POINT('',(9.,-6.,10.));
#2714 = SURFACE_CURVE('',#2715,(#2719,#2725),.PCURVE_S1.);
#2715 = LINE('',#2716,#2717);
#2716 = CARTESIAN_POINT('',(-11.,-6.,10.));
#2717 = VECTOR('',#2718,1.);
#2718 = DIRECTION('',(1.,-0.,0.));
#2719 = PCURVE('',#1106,#2720);
#2720 = DEFINITIONAL_REPRESENTATION('',(#2721),#2724);
#2721 = B_SPLINE_CURVE_WITH_KNOTS('',1,(#2722,#2723),.UNSPECIFIED.,.F.,
  .F.,(2,2),(2.,20.),.PIECEWISE_BEZIER_KNOTS.);
#2722 = CARTESIAN_POINT('',(5.,4.));
#2723 = CARTESIAN_POINT('',(5.,22.));
#2724 = ( GEOMETRIC_REPRESENTATION_CONTEXT(2) 
PARAMETRIC_REPRESENTATION_CONTEXT() REPRESENTATION_CONTEXT('2D SPACE',''
  ) );
#2725 = PCURVE('',#2293,#2726);
#2726 = DEFINITIONAL_REPRESENTATION('',(#2727),#2730);
#2727 = B_SPLINE_CURVE_WITH_KNOTS('',1,(#2728,#2729),.UNSPECIFIED.,.F.,
  .F.,(2,2),(2.,20.),.PIECEWISE_BEZIER_KNOTS.);
#2728 = CARTESIAN_POINT('',(0.,-6.));
#2729 = CARTESIAN_POINT('',(18.,-6.));
#2730 = ( GEOMETRIC_REPRESENTATION_CONTEXT(2) 
PARAMETRIC_REPRESENTATION_CONTEXT() REPRESENTATION_CONTEXT('2D SPACE',''
  ) );
#2731 = ORIENTED_EDGE('',*,*,#2732,.T.);
#2732 = EDGE_CURVE('',#2712,#2733,#2735,.T.);
#2733 = VERTEX_POINT('',#2734);
#2734 = CARTESIAN_POINT('',(9.,-6.,22.));
#2735 = SURFACE_CURVE('',#2736,(#2740,#2746),.PCURVE_S1.);
#2736 = LINE('',#2737,#2738);
#2737 = CARTESIAN_POINT('',(9.,-6.,7.5));
#2738 = VECTOR('',#2739,1.);
#2739 = DIRECTION('',(0.,-0.,1.));
#2740 = PCURVE('',#1106,#2741);
#2741 = DEFINITIONAL_REPRESENTATION('',(#2742),#2745);
#2742 = B_SPLINE_CURVE_WITH_KNOTS('',1,(#2743,#2744),.UNSPECIFIED.,.F.,
  .F.,(2,2),(2.5,14.5),.PIECEWISE_BEZIER_KNOTS.);
#2743 = CARTESIAN_POINT('',(5.,22.));
#2744 = CARTESIAN_POINT('',(17.,22.));
#2745 = ( GEOMETRIC_REPRESENTATION_CONTEXT(2) 
PARAMETRIC_REPRESENTATION_CONTEXT() REPRESENTATION_CONTEXT('2D SPACE',''
  ) );
#2746 = PCURVE('',#2319,#2747);
#2747 = DEFINITIONAL_REPRESENTATION('',(#2748),#2751);
#2748 = B_SPLINE_CURVE_WITH_KNOTS('',1,(#2749,#2750),.UNSPECIFIED.,.F.,
  .F.,(2,2),(2.5,14.5),.PIECEWISE_BEZIER_KNOTS.);
#2749 = CARTESIAN_POINT('',(0.,-6.));
#2750 = CARTESIAN_POINT('',(12.,-6.));
#2751 = ( GEOMETRIC_REPRESENTATION_CONTEXT(2) 
PARAMETRIC_REPRESENTATION_CONTEXT() REPRESENTATION_CONTEXT('2D SPACE',''
  ) );
#2752 = ORIENTED_EDGE('',*,*,#2753,.T.);
#2753 = EDGE_CURVE('',#2733,#2689,#2754,.T.);
#2754 = SURFACE_CURVE('',#2755,(#2759,#2765),.PCURVE_S1.);
#2755 = LINE('',#2756,#2757);
#2756 = CARTESIAN_POINT('',(-2.,-6.,22.));
#2757 = VECTOR('',#2758,1.);
#2758 = DIRECTION('',(-1.,0.,0.));
#2759 = PCURVE('',#1106,#2760);
#2760 = DEFINITIONAL_REPRESENTATION('',(#2761),#2764);
#2761 = B_SPLINE_CURVE_WITH_KNOTS('',1,(#2762,#2763),.UNSPECIFIED.,.F.,
  .F.,(2,2),(-11.,7.),.PIECEWISE_BEZIER_KNOTS.);
#2762 = CARTESIAN_POINT('',(17.,22.));
#2763 = CARTESIAN_POINT('',(17.,4.));
#2764 = ( GEOMETRIC_REPRESENTATION_CONTEXT(2) 
PARAMETRIC_REPRESENTATION_CONTEXT() REPRESENTATION_CONTEXT('2D SPACE',''
  ) );
#2765 = PCURVE('',#2343,#2766);
#2766 = DEFINITIONAL_REPRESENTATION('',(#2767),#2770);
#2767 = B_SPLINE_CURVE_WITH_KNOTS('',1,(#2768,#2769),.UNSPECIFIED.,.F.,
  .F.,(2,2),(-11.,7.),.PIECEWISE_BEZIER_KNOTS.);
#2768 = CARTESIAN_POINT('',(0.,-6.));
#2769 = CARTESIAN_POINT('',(18.,-6.));
#2770 = ( GEOMETRIC_REPRESENTATION_CONTEXT(2) 
PARAMETRIC_REPRESENTATION_CONTEXT() REPRESENTATION_CONTEXT('2D SPACE',''
  ) );
#2771 = FACE_BOUND('',#2772,.F.);
#2772 = EDGE_LOOP('',(#2773));
#2773 = ORIENTED_EDGE('',*,*,#2774,.F.);
#2774 = EDGE_CURVE('',#2775,#2775,#2777,.T.);
#2775 = VERTEX_POINT('',#2776);
#2776 = CARTESIAN_POINT('',(3.1,-6.,36.));
#2777 = SURFACE_CURVE('',#2778,(#2783,#2790),.PCURVE_S1.);
#2778 = CIRCLE('',#2779,3.1);
#2779 = AXIS2_PLACEMENT_3D('',#2780,#2781,#2782);
#2780 = CARTESIAN_POINT('',(0.,-6.,36.));
#2781 = DIRECTION('',(-0.,1.,0.));
#2782 = DIRECTION('',(1.,0.,0.));
#2783 = PCURVE('',#1106,#2784);
#2784 = DEFINITIONAL_REPRESENTATION('',(#2785),#2789);
#2785 = CIRCLE('',#2786,3.1);
#2786 = AXIS2_PLACEMENT_2D('',#2787,#2788);
#2787 = CARTESIAN_POINT('',(31.,13.));
#2788 = DIRECTION('',(0.,1.));
#2789 = ( GEOMETRIC_REPRESENTATION_CONTEXT(2) 
PARAMETRIC_REPRESENTATION_CONTEXT() REPRESENTATION_CONTEXT('2D SPACE',''
  ) );
#2790 = PCURVE('',#2377,#2791);
#2791 = DEFINITIONAL_REPRESENTATION('',(#2792),#2796);
#2792 = LINE('',#2793,#2794);
#2793 = CARTESIAN_POINT('',(6.28318530718,6.));
#2794 = VECTOR('',#2795,1.);
#2795 = DIRECTION('',(-1.,-0.));
#2796 = ( GEOMETRIC_REPRESENTATION_CONTEXT(2) 
PARAMETRIC_REPRESENTATION_CONTEXT() REPRESENTATION_CONTEXT('2D SPACE',''
  ) );
#2797 = ADVANCED_FACE('',(#2798),#1078,.T.);
#2798 = FACE_BOUND('',#2799,.T.);
#2799 = EDGE_LOOP('',(#2800,#2801,#2822));
#2800 = ORIENTED_EDGE('',*,*,#1062,.T.);
#2801 = ORIENTED_EDGE('',*,*,#2802,.T.);
#2802 = EDGE_CURVE('',#1040,#2643,#2803,.T.);
#2803 = SURFACE_CURVE('',#2804,(#2808,#2815),.PCURVE_S1.);
#2804 = LINE('',#2805,#2806);
#2805 = CARTESIAN_POINT('',(-10.3,-14.,5.));
#2806 = VECTOR('',#2807,1.);
#2807 = DIRECTION('',(0.,0.371390676354,0.928476690885));
#2808 = PCURVE('',#1078,#2809);
#2809 = DEFINITIONAL_REPRESENTATION('',(#2810),#2814);
#2810 = LINE('',#2811,#2812);
#2811 = CARTESIAN_POINT('',(8.385164807135,5.614835192865));
#2812 = VECTOR('',#2813,1.);
#2813 = DIRECTION('',(-0.928476690885,-0.371390676354));
#2814 = ( GEOMETRIC_REPRESENTATION_CONTEXT(2) 
PARAMETRIC_REPRESENTATION_CONTEXT() REPRESENTATION_CONTEXT('2D SPACE',''
  ) );
#2815 = PCURVE('',#1607,#2816);
#2816 = DEFINITIONAL_REPRESENTATION('',(#2817),#2821);
#2817 = LINE('',#2818,#2819);
#2818 = CARTESIAN_POINT('',(0.,0.));
#2819 = VECTOR('',#2820,1.);
#2820 = DIRECTION('',(1.,0.));
#2821 = ( GEOMETRIC_REPRESENTATION_CONTEXT(2) 
PARAMETRIC_REPRESENTATION_CONTEXT() REPRESENTATION_CONTEXT('2D SPACE',''
  ) );
#2822 = ORIENTED_EDGE('',*,*,#2665,.T.);
#2823 = ADVANCED_FACE('',(#2824),#1419,.T.);
#2824 = FACE_BOUND('',#2825,.F.);
#2825 = EDGE_LOOP('',(#2826,#2827,#2828,#2848));
#2826 = ORIENTED_EDGE('',*,*,#1462,.T.);
#2827 = ORIENTED_EDGE('',*,*,#1403,.T.);
#2828 = ORIENTED_EDGE('',*,*,#2829,.F.);
#2829 = EDGE_CURVE('',#1511,#1371,#2830,.T.);
#2830 = SURFACE_CURVE('',#2831,(#2836,#2842),.PCURVE_S1.);
#2831 = CIRCLE('',#2832,2.);
#2832 = AXIS2_PLACEMENT_3D('',#2833,#2834,#2835);
#2833 = CARTESIAN_POINT('',(21.,13.,2.));
#2834 = DIRECTION('',(-1.,0.,-0.));
#2835 = DIRECTION('',(-0.,1.,0.));
#2836 = PCURVE('',#1419,#2837);
#2837 = DEFINITIONAL_REPRESENTATION('',(#2838),#2841);
#2838 = B_SPLINE_CURVE_WITH_KNOTS('',1,(#2839,#2840),.UNSPECIFIED.,.F.,
  .F.,(2,2),(0.,1.570796326795),.PIECEWISE_BEZIER_KNOTS.);
#2839 = CARTESIAN_POINT('',(0.,42.));
#2840 = CARTESIAN_POINT('',(-1.570796326795,42.));
#2841 = ( GEOMETRIC_REPRESENTATION_CONTEXT(2) 
PARAMETRIC_REPRESENTATION_CONTEXT() REPRESENTATION_CONTEXT('2D SPACE',''
  ) );
#2842 = PCURVE('',#1391,#2843);
#2843 = DEFINITIONAL_REPRESENTATION('',(#2844),#2847);
#2844 = B_SPLINE_CURVE_WITH_KNOTS('',1,(#2845,#2846),.UNSPECIFIED.,.F.,
  .F.,(2,2),(0.,1.570796326795),.PIECEWISE_BEZIER_KNOTS.);
#2845 = CARTESIAN_POINT('',(0.,0.));
#2846 = CARTESIAN_POINT('',(0.,1.570796326795));
#2847 = ( GEOMETRIC_REPRESENTATION_CONTEXT(2) 
PARAMETRIC_REPRESENTATION_CONTEXT() REPRESENTATION_CONTEXT('2D SPACE',''
  ) );
#2848 = ORIENTED_EDGE('',*,*,#1538,.F.);
#2849 = ADVANCED_FACE('',(#2850),#1330,.T.);
#2850 = FACE_BOUND('',#2851,.T.);
#2851 = EDGE_LOOP('',(#2852,#2872,#2873,#2874));
#2852 = ORIENTED_EDGE('',*,*,#2853,.F.);
#2853 = EDGE_CURVE('',#1731,#1310,#2854,.T.);
#2854 = SURFACE_CURVE('',#2855,(#2860,#2866),.PCURVE_S1.);
#2855 = CIRCLE('',#2856,2.);
#2856 = AXIS2_PLACEMENT_3D('',#2857,#2858,#2859);
#2857 = CARTESIAN_POINT('',(23.,-11.,2.));
#2858 = DIRECTION('',(0.,1.,0.));
#2859 = DIRECTION('',(1.,0.,-0.));
#2860 = PCURVE('',#1330,#2861);
#2861 = DEFINITIONAL_REPRESENTATION('',(#2862),#2865);
#2862 = B_SPLINE_CURVE_WITH_KNOTS('',1,(#2863,#2864),.UNSPECIFIED.,.F.,
  .F.,(2,2),(0.,1.570796326795),.PIECEWISE_BEZIER_KNOTS.);
#2863 = CARTESIAN_POINT('',(0.,0.));
#2864 = CARTESIAN_POINT('',(0.,1.570796326795));
#2865 = ( GEOMETRIC_REPRESENTATION_CONTEXT(2) 
PARAMETRIC_REPRESENTATION_CONTEXT() REPRESENTATION_CONTEXT('2D SPACE',''
  ) );
#2866 = PCURVE('',#1358,#2867);
#2867 = DEFINITIONAL_REPRESENTATION('',(#2868),#2871);
#2868 = B_SPLINE_CURVE_WITH_KNOTS('',1,(#2869,#2870),.UNSPECIFIED.,.F.,
  .F.,(2,2),(0.,1.570796326795),.PIECEWISE_BEZIER_KNOTS.);
#2869 = CARTESIAN_POINT('',(0.,22.));
#2870 = CARTESIAN_POINT('',(-1.570796326795,22.));
#2871 = ( GEOMETRIC_REPRESENTATION_CONTEXT(2) 
PARAMETRIC_REPRESENTATION_CONTEXT() REPRESENTATION_CONTEXT('2D SPACE',''
  ) );
#2872 = ORIENTED_EDGE('',*,*,#1760,.T.);
#2873 = ORIENTED_EDGE('',*,*,#1704,.T.);
#2874 = ORIENTED_EDGE('',*,*,#1309,.F.);
#2875 = ADVANCED_FACE('',(#2876),#1391,.T.);
#2876 = FACE_BOUND('',#2877,.T.);
#2877 = EDGE_LOOP('',(#2878,#2879,#2903,#2923));
#2878 = ORIENTED_EDGE('',*,*,#2829,.F.);
#2879 = ORIENTED_EDGE('',*,*,#2880,.T.);
#2880 = EDGE_CURVE('',#1511,#2881,#2883,.T.);
#2881 = VERTEX_POINT('',#2882);
#2882 = CARTESIAN_POINT('',(25.,11.,2.));
#2883 = SURFACE_CURVE('',#2884,(#2889,#2896),.PCURVE_S1.);
#2884 = CIRCLE('',#2885,4.);
#2885 = AXIS2_PLACEMENT_3D('',#2886,#2887,#2888);
#2886 = CARTESIAN_POINT('',(21.,11.,2.));
#2887 = DIRECTION('',(0.,-0.,-1.));
#2888 = DIRECTION('',(0.,1.,-0.));
#2889 = PCURVE('',#1391,#2890);
#2890 = DEFINITIONAL_REPRESENTATION('',(#2891),#2895);
#2891 = LINE('',#2892,#2893);
#2892 = CARTESIAN_POINT('',(0.,0.));
#2893 = VECTOR('',#2894,1.);
#2894 = DIRECTION('',(1.,0.));
#2895 = ( GEOMETRIC_REPRESENTATION_CONTEXT(2) 
PARAMETRIC_REPRESENTATION_CONTEXT() REPRESENTATION_CONTEXT('2D SPACE',''
  ) );
#2896 = PCURVE('',#1526,#2897);
#2897 = DEFINITIONAL_REPRESENTATION('',(#2898),#2902);
#2898 = LINE('',#2899,#2900);
#2899 = CARTESIAN_POINT('',(1.570796326795,2.));
#2900 = VECTOR('',#2901,1.);
#2901 = DIRECTION('',(-1.,-0.));
#2902 = ( GEOMETRIC_REPRESENTATION_CONTEXT(2) 
PARAMETRIC_REPRESENTATION_CONTEXT() REPRESENTATION_CONTEXT('2D SPACE',''
  ) );
#2903 = ORIENTED_EDGE('',*,*,#2904,.T.);
#2904 = EDGE_CURVE('',#2881,#1343,#2905,.T.);
#2905 = SURFACE_CURVE('',#2906,(#2911,#2917),.PCURVE_S1.);
#2906 = CIRCLE('',#2907,2.);
#2907 = AXIS2_PLACEMENT_3D('',#2908,#2909,#2910);
#2908 = CARTESIAN_POINT('',(23.,11.,2.));
#2909 = DIRECTION('',(-6.123233995737E-17,1.,0.));
#2910 = DIRECTION('',(1.,6.123233995737E-17,0.));
#2911 = PCURVE('',#1391,#2912);
#2912 = DEFINITIONAL_REPRESENTATION('',(#2913),#2916);
#2913 = B_SPLINE_CURVE_WITH_KNOTS('',1,(#2914,#2915),.UNSPECIFIED.,.F.,
  .F.,(2,2),(0.,1.570796326795),.PIECEWISE_BEZIER_KNOTS.);
#2914 = CARTESIAN_POINT('',(1.570796326795,0.));
#2915 = CARTESIAN_POINT('',(1.570796326795,1.570796326795));
#2916 = ( GEOMETRIC_REPRESENTATION_CONTEXT(2) 
PARAMETRIC_REPRESENTATION_CONTEXT() REPRESENTATION_CONTEXT('2D SPACE',''
  ) );
#2917 = PCURVE('',#1358,#2918);
#2918 = DEFINITIONAL_REPRESENTATION('',(#2919),#2922);
#2919 = B_SPLINE_CURVE_WITH_KNOTS('',1,(#2920,#2921),.UNSPECIFIED.,.F.,
  .F.,(2,2),(0.,1.570796326795),.PIECEWISE_BEZIER_KNOTS.);
#2920 = CARTESIAN_POINT('',(0.,0.));
#2921 = CARTESIAN_POINT('',(-1.570796326795,0.));
#2922 = ( GEOMETRIC_REPRESENTATION_CONTEXT(2) 
PARAMETRIC_REPRESENTATION_CONTEXT() REPRESENTATION_CONTEXT('2D SPACE',''
  ) );
#2923 = ORIENTED_EDGE('',*,*,#1370,.F.);
#2924 = ADVANCED_FACE('',(#2925),#1358,.T.);
#2925 = FACE_BOUND('',#2926,.F.);
#2926 = EDGE_LOOP('',(#2927,#2928,#2929,#2930));
#2927 = ORIENTED_EDGE('',*,*,#2904,.T.);
#2928 = ORIENTED_EDGE('',*,*,#1342,.T.);
#2929 = ORIENTED_EDGE('',*,*,#2853,.F.);
#2930 = ORIENTED_EDGE('',*,*,#2931,.F.);
#2931 = EDGE_CURVE('',#2881,#1731,#2932,.T.);
#2932 = SURFACE_CURVE('',#2933,(#2937,#2944),.PCURVE_S1.);
#2933 = LINE('',#2934,#2935);
#2934 = CARTESIAN_POINT('',(25.,11.,2.));
#2935 = VECTOR('',#2936,1.);
#2936 = DIRECTION('',(-0.,-1.,-0.));
#2937 = PCURVE('',#1358,#2938);
#2938 = DEFINITIONAL_REPRESENTATION('',(#2939),#2943);
#2939 = LINE('',#2940,#2941);
#2940 = CARTESIAN_POINT('',(-0.,0.));
#2941 = VECTOR('',#2942,1.);
#2942 = DIRECTION('',(-0.,1.));
#2943 = ( GEOMETRIC_REPRESENTATION_CONTEXT(2) 
PARAMETRIC_REPRESENTATION_CONTEXT() REPRESENTATION_CONTEXT('2D SPACE',''
  ) );
#2944 = PCURVE('',#1748,#2945);
#2945 = DEFINITIONAL_REPRESENTATION('',(#2946),#2950);
#2946 = LINE('',#2947,#2948);
#2947 = CARTESIAN_POINT('',(2.,-26.));
#2948 = VECTOR('',#2949,1.);
#2949 = DIRECTION('',(-0.,1.));
#2950 = ( GEOMETRIC_REPRESENTATION_CONTEXT(2) 
PARAMETRIC_REPRESENTATION_CONTEXT() REPRESENTATION_CONTEXT('2D SPACE',''
  ) );
#2951 = ADVANCED_FACE('',(#2952),#1526,.T.);
#2952 = FACE_BOUND('',#2953,.T.);
#2953 = EDGE_LOOP('',(#2954,#2977,#2978,#2979));
#2954 = ORIENTED_EDGE('',*,*,#2955,.F.);
#2955 = EDGE_CURVE('',#2881,#2956,#2958,.T.);
#2956 = VERTEX_POINT('',#2957);
#2957 = CARTESIAN_POINT('',(25.,11.,4.));
#2958 = SURFACE_CURVE('',#2959,(#2963,#2970),.PCURVE_S1.);
#2959 = LINE('',#2960,#2961);
#2960 = CARTESIAN_POINT('',(25.,11.,0.));
#2961 = VECTOR('',#2962,1.);
#2962 = DIRECTION('',(0.,0.,1.));
#2963 = PCURVE('',#1526,#2964);
#2964 = DEFINITIONAL_REPRESENTATION('',(#2965),#2969);
#2965 = LINE('',#2966,#2967);
#2966 = CARTESIAN_POINT('',(0.,0.));
#2967 = VECTOR('',#2968,1.);
#2968 = DIRECTION('',(0.,1.));
#2969 = ( GEOMETRIC_REPRESENTATION_CONTEXT(2) 
PARAMETRIC_REPRESENTATION_CONTEXT() REPRESENTATION_CONTEXT('2D SPACE',''
  ) );
#2970 = PCURVE('',#1748,#2971);
#2971 = DEFINITIONAL_REPRESENTATION('',(#2972),#2976);
#2972 = LINE('',#2973,#2974);
#2973 = CARTESIAN_POINT('',(0.,-26.));
#2974 = VECTOR('',#2975,1.);
#2975 = DIRECTION('',(1.,0.));
#2976 = ( GEOMETRIC_REPRESENTATION_CONTEXT(2) 
PARAMETRIC_REPRESENTATION_CONTEXT() REPRESENTATION_CONTEXT('2D SPACE',''
  ) );
#2977 = ORIENTED_EDGE('',*,*,#2880,.F.);
#2978 = ORIENTED_EDGE('',*,*,#1510,.T.);
#2979 = ORIENTED_EDGE('',*,*,#2980,.T.);
#2980 = EDGE_CURVE('',#1488,#2956,#2981,.T.);
#2981 = SURFACE_CURVE('',#2982,(#2987,#2994),.PCURVE_S1.);
#2982 = CIRCLE('',#2983,4.);
#2983 = AXIS2_PLACEMENT_3D('',#2984,#2985,#2986);
#2984 = CARTESIAN_POINT('',(21.,11.,4.));
#2985 = DIRECTION('',(0.,-0.,-1.));
#2986 = DIRECTION('',(0.,1.,-0.));
#2987 = PCURVE('',#1526,#2988);
#2988 = DEFINITIONAL_REPRESENTATION('',(#2989),#2993);
#2989 = LINE('',#2990,#2991);
#2990 = CARTESIAN_POINT('',(1.570796326795,4.));
#2991 = VECTOR('',#2992,1.);
#2992 = DIRECTION('',(-1.,-0.));
#2993 = ( GEOMETRIC_REPRESENTATION_CONTEXT(2) 
PARAMETRIC_REPRESENTATION_CONTEXT() REPRESENTATION_CONTEXT('2D SPACE',''
  ) );
#2994 = PCURVE('',#1825,#2995);
#2995 = DEFINITIONAL_REPRESENTATION('',(#2996),#3000);
#2996 = LINE('',#2997,#2998);
#2997 = CARTESIAN_POINT('',(0.,-0.));
#2998 = VECTOR('',#2999,1.);
#2999 = DIRECTION('',(1.,-0.));
#3000 = ( GEOMETRIC_REPRESENTATION_CONTEXT(2) 
PARAMETRIC_REPRESENTATION_CONTEXT() REPRESENTATION_CONTEXT('2D SPACE',''
  ) );
#3001 = ADVANCED_FACE('',(#3002),#1577,.T.);
#3002 = FACE_BOUND('',#3003,.F.);
#3003 = EDGE_LOOP('',(#3004,#3030,#3031,#3032));
#3004 = ORIENTED_EDGE('',*,*,#3005,.F.);
#3005 = EDGE_CURVE('',#1733,#3006,#3008,.T.);
#3006 = VERTEX_POINT('',#3007);
#3007 = CARTESIAN_POINT('',(24.,-11.,5.));
#3008 = SURFACE_CURVE('',#3009,(#3013,#3019),.PCURVE_S1.);
#3009 = LINE('',#3010,#3011);
#3010 = CARTESIAN_POINT('',(24.5,-11.,4.5));
#3011 = VECTOR('',#3012,1.);
#3012 = DIRECTION('',(-0.707106781187,-0.,0.707106781187));
#3013 = PCURVE('',#1577,#3014);
#3014 = DEFINITIONAL_REPRESENTATION('',(#3015),#3018);
#3015 = B_SPLINE_CURVE_WITH_KNOTS('',1,(#3016,#3017),.UNSPECIFIED.,.F.,
  .F.,(2,2),(-0.707106781187,0.707106781187),.PIECEWISE_BEZIER_KNOTS.);
#3016 = CARTESIAN_POINT('',(0.,0.));
#3017 = CARTESIAN_POINT('',(0.,-1.));
#3018 = ( GEOMETRIC_REPRESENTATION_CONTEXT(2) 
PARAMETRIC_REPRESENTATION_CONTEXT() REPRESENTATION_CONTEXT('2D SPACE',''
  ) );
#3019 = PCURVE('',#3020,#3025);
#3020 = PLANE('',#3021);
#3021 = AXIS2_PLACEMENT_3D('',#3022,#3023,#3024);
#3022 = CARTESIAN_POINT('',(24.5,11.,4.5));
#3023 = DIRECTION('',(0.707106781187,0.,0.707106781187));
#3024 = DIRECTION('',(-0.,1.,-0.));
#3025 = DEFINITIONAL_REPRESENTATION('',(#3026),#3029);
#3026 = B_SPLINE_CURVE_WITH_KNOTS('',1,(#3027,#3028),.UNSPECIFIED.,.F.,
  .F.,(2,2),(-0.707106781187,0.707106781187),.PIECEWISE_BEZIER_KNOTS.);
#3027 = CARTESIAN_POINT('',(-22.,-0.707106781187));
#3028 = CARTESIAN_POINT('',(-22.,0.707106781187));
#3029 = ( GEOMETRIC_REPRESENTATION_CONTEXT(2) 
PARAMETRIC_REPRESENTATION_CONTEXT() REPRESENTATION_CONTEXT('2D SPACE',''
  ) );
#3030 = ORIENTED_EDGE('',*,*,#1783,.T.);
#3031 = ORIENTED_EDGE('',*,*,#1562,.T.);
#3032 = ORIENTED_EDGE('',*,*,#3033,.F.);
#3033 = EDGE_CURVE('',#3006,#1563,#3034,.T.);
#3034 = SURFACE_CURVE('',#3035,(#3040,#3047),.PCURVE_S1.);
#3035 = CIRCLE('',#3036,3.);
#3036 = AXIS2_PLACEMENT_3D('',#3037,#3038,#3039);
#3037 = CARTESIAN_POINT('',(21.,-11.,5.));
#3038 = DIRECTION('',(0.,0.,-1.));
#3039 = DIRECTION('',(1.,0.,0.));
#3040 = PCURVE('',#1577,#3041);
#3041 = DEFINITIONAL_REPRESENTATION('',(#3042),#3046);
#3042 = LINE('',#3043,#3044);
#3043 = CARTESIAN_POINT('',(0.,-1.));
#3044 = VECTOR('',#3045,1.);
#3045 = DIRECTION('',(1.,-0.));
#3046 = ( GEOMETRIC_REPRESENTATION_CONTEXT(2) 
PARAMETRIC_REPRESENTATION_CONTEXT() REPRESENTATION_CONTEXT('2D SPACE',''
  ) );
#3047 = PCURVE('',#1689,#3048);
#3048 = DEFINITIONAL_REPRESENTATION('',(#3049),#3057);
#3049 = ( BOUNDED_CURVE() B_SPLINE_CURVE(2,(#3050,#3051,#3052,#3053,
#3054,#3055,#3056),.UNSPECIFIED.,.T.,.F.) B_SPLINE_CURVE_WITH_KNOTS((1,2
    ,2,2,2,1),(-2.094395102393,0.,2.094395102393,4.188790204786,
6.28318530718,8.377580409573),.UNSPECIFIED.) CURVE() 
GEOMETRIC_REPRESENTATION_ITEM() RATIONAL_B_SPLINE_CURVE((1.,0.5,1.,0.5,
1.,0.5,1.)) REPRESENTATION_ITEM('') );
#3050 = CARTESIAN_POINT('',(49.,4.));
#3051 = CARTESIAN_POINT('',(49.,-1.196152422707));
#3052 = CARTESIAN_POINT('',(44.5,1.401923788647));
#3053 = CARTESIAN_POINT('',(40.,4.));
#3054 = CARTESIAN_POINT('',(44.5,6.598076211353));
#3055 = CARTESIAN_POINT('',(49.,9.196152422707));
#3056 = CARTESIAN_POINT('',(49.,4.));
#3057 = ( GEOMETRIC_REPRESENTATION_CONTEXT(2) 
PARAMETRIC_REPRESENTATION_CONTEXT() REPRESENTATION_CONTEXT('2D SPACE',''
  ) );
#3058 = ADVANCED_FACE('',(#3059),#1689,.T.);
#3059 = FACE_BOUND('',#3060,.T.);
#3060 = EDGE_LOOP('',(#3061,#3062,#3083,#3084,#3085,#3108,#3134,#3135,
    #3156,#3157));
#3061 = ORIENTED_EDGE('',*,*,#2489,.F.);
#3062 = ORIENTED_EDGE('',*,*,#3063,.T.);
#3063 = EDGE_CURVE('',#2490,#1648,#3064,.T.);
#3064 = SURFACE_CURVE('',#3065,(#3069,#3076),.PCURVE_S1.);
#3065 = LINE('',#3066,#3067);
#3066 = CARTESIAN_POINT('',(10.3,-6.,5.));
#3067 = VECTOR('',#3068,1.);
#3068 = DIRECTION('',(0.,-1.,0.));
#3069 = PCURVE('',#1689,#3070);
#3070 = DEFINITIONAL_REPRESENTATION('',(#3071),#3075);
#3071 = LINE('',#3072,#3073);
#3072 = CARTESIAN_POINT('',(35.3,9.));
#3073 = VECTOR('',#3074,1.);
#3074 = DIRECTION('',(0.,-1.));
#3075 = ( GEOMETRIC_REPRESENTATION_CONTEXT(2) 
PARAMETRIC_REPRESENTATION_CONTEXT() REPRESENTATION_CONTEXT('2D SPACE',''
  ) );
#3076 = PCURVE('',#2528,#3077);
#3077 = DEFINITIONAL_REPRESENTATION('',(#3078),#3082);
#3078 = LINE('',#3079,#3080);
#3079 = CARTESIAN_POINT('',(8.385164807135,-2.385164807135));
#3080 = VECTOR('',#3081,1.);
#3081 = DIRECTION('',(0.,1.));
#3082 = ( GEOMETRIC_REPRESENTATION_CONTEXT(2) 
PARAMETRIC_REPRESENTATION_CONTEXT() REPRESENTATION_CONTEXT('2D SPACE',''
  ) );
#3083 = ORIENTED_EDGE('',*,*,#1675,.F.);
#3084 = ORIENTED_EDGE('',*,*,#3033,.F.);
#3085 = ORIENTED_EDGE('',*,*,#3086,.F.);
#3086 = EDGE_CURVE('',#3087,#3006,#3089,.T.);
#3087 = VERTEX_POINT('',#3088);
#3088 = CARTESIAN_POINT('',(24.,11.,5.));
#3089 = SURFACE_CURVE('',#3090,(#3094,#3101),.PCURVE_S1.);
#3090 = LINE('',#3091,#3092);
#3091 = CARTESIAN_POINT('',(24.,11.,5.));
#3092 = VECTOR('',#3093,1.);
#3093 = DIRECTION('',(-0.,-1.,-0.));
#3094 = PCURVE('',#1689,#3095);
#3095 = DEFINITIONAL_REPRESENTATION('',(#3096),#3100);
#3096 = LINE('',#3097,#3098);
#3097 = CARTESIAN_POINT('',(49.,26.));
#3098 = VECTOR('',#3099,1.);
#3099 = DIRECTION('',(-0.,-1.));
#3100 = ( GEOMETRIC_REPRESENTATION_CONTEXT(2) 
PARAMETRIC_REPRESENTATION_CONTEXT() REPRESENTATION_CONTEXT('2D SPACE',''
  ) );
#3101 = PCURVE('',#3020,#3102);
#3102 = DEFINITIONAL_REPRESENTATION('',(#3103),#3107);
#3103 = LINE('',#3104,#3105);
#3104 = CARTESIAN_POINT('',(-0.,0.707106781187));
#3105 = VECTOR('',#3106,1.);
#3106 = DIRECTION('',(-1.,0.));
#3107 = ( GEOMETRIC_REPRESENTATION_CONTEXT(2) 
PARAMETRIC_REPRESENTATION_CONTEXT() REPRESENTATION_CONTEXT('2D SPACE',''
  ) );
#3108 = ORIENTED_EDGE('',*,*,#3109,.F.);
#3109 = EDGE_CURVE('',#1811,#3087,#3110,.T.);
#3110 = SURFACE_CURVE('',#3111,(#3116,#3127),.PCURVE_S1.);
#3111 = CIRCLE('',#3112,3.);
#3112 = AXIS2_PLACEMENT_3D('',#3113,#3114,#3115);
#3113 = CARTESIAN_POINT('',(21.,11.,5.));
#3114 = DIRECTION('',(0.,-0.,-1.));
#3115 = DIRECTION('',(0.,1.,-0.));
#3116 = PCURVE('',#1689,#3117);
#3117 = DEFINITIONAL_REPRESENTATION('',(#3118),#3126);
#3118 = ( BOUNDED_CURVE() B_SPLINE_CURVE(2,(#3119,#3120,#3121,#3122,
#3123,#3124,#3125),.UNSPECIFIED.,.T.,.F.) B_SPLINE_CURVE_WITH_KNOTS((1,2
    ,2,2,2,1),(-2.094395102393,0.,2.094395102393,4.188790204786,
6.28318530718,8.377580409573),.UNSPECIFIED.) CURVE() 
GEOMETRIC_REPRESENTATION_ITEM() RATIONAL_B_SPLINE_CURVE((1.,0.5,1.,0.5,
1.,0.5,1.)) REPRESENTATION_ITEM('') );
#3119 = CARTESIAN_POINT('',(46.,29.));
#3120 = CARTESIAN_POINT('',(51.196152422707,29.));
#3121 = CARTESIAN_POINT('',(48.598076211353,24.5));
#3122 = CARTESIAN_POINT('',(46.,20.));
#3123 = CARTESIAN_POINT('',(43.401923788647,24.5));
#3124 = CARTESIAN_POINT('',(40.803847577293,29.));
#3125 = CARTESIAN_POINT('',(46.,29.));
#3126 = ( GEOMETRIC_REPRESENTATION_CONTEXT(2) 
PARAMETRIC_REPRESENTATION_CONTEXT() REPRESENTATION_CONTEXT('2D SPACE',''
  ) );
#3127 = PCURVE('',#1825,#3128);
#3128 = DEFINITIONAL_REPRESENTATION('',(#3129),#3133);
#3129 = LINE('',#3130,#3131);
#3130 = CARTESIAN_POINT('',(0.,-1.));
#3131 = VECTOR('',#3132,1.);
#3132 = DIRECTION('',(1.,-0.));
#3133 = ( GEOMETRIC_REPRESENTATION_CONTEXT(2) 
PARAMETRIC_REPRESENTATION_CONTEXT() REPRESENTATION_CONTEXT('2D SPACE',''
  ) );
#3134 = ORIENTED_EDGE('',*,*,#1836,.F.);
#3135 = ORIENTED_EDGE('',*,*,#3136,.F.);
#3136 = EDGE_CURVE('',#2074,#1837,#3137,.T.);
#3137 = SURFACE_CURVE('',#3138,(#3142,#3149),.PCURVE_S1.);
#3138 = LINE('',#3139,#3140);
#3139 = CARTESIAN_POINT('',(10.3,6.,5.));
#3140 = VECTOR('',#3141,1.);
#3141 = DIRECTION('',(0.,1.,0.));
#3142 = PCURVE('',#1689,#3143);
#3143 = DEFINITIONAL_REPRESENTATION('',(#3144),#3148);
#3144 = LINE('',#3145,#3146);
#3145 = CARTESIAN_POINT('',(35.3,21.));
#3146 = VECTOR('',#3147,1.);
#3147 = DIRECTION('',(0.,1.));
#3148 = ( GEOMETRIC_REPRESENTATION_CONTEXT(2) 
PARAMETRIC_REPRESENTATION_CONTEXT() REPRESENTATION_CONTEXT('2D SPACE',''
  ) );
#3149 = PCURVE('',#2112,#3150);
#3150 = DEFINITIONAL_REPRESENTATION('',(#3151),#3155);
#3151 = LINE('',#3152,#3153);
#3152 = CARTESIAN_POINT('',(-8.385164807135,2.385164807135));
#3153 = VECTOR('',#3154,1.);
#3154 = DIRECTION('',(0.,-1.));
#3155 = ( GEOMETRIC_REPRESENTATION_CONTEXT(2) 
PARAMETRIC_REPRESENTATION_CONTEXT() REPRESENTATION_CONTEXT('2D SPACE',''
  ) );
#3156 = ORIENTED_EDGE('',*,*,#2073,.T.);
#3157 = ORIENTED_EDGE('',*,*,#3158,.F.);
#3158 = EDGE_CURVE('',#2467,#2046,#3159,.T.);
#3159 = SURFACE_CURVE('',#3160,(#3164,#3171),.PCURVE_S1.);
#3160 = LINE('',#3161,#3162);
#3161 = CARTESIAN_POINT('',(13.,-6.,5.));
#3162 = VECTOR('',#3163,1.);
#3163 = DIRECTION('',(0.,1.,0.));
#3164 = PCURVE('',#1689,#3165);
#3165 = DEFINITIONAL_REPRESENTATION('',(#3166),#3170);
#3166 = LINE('',#3167,#3168);
#3167 = CARTESIAN_POINT('',(38.,9.));
#3168 = VECTOR('',#3169,1.);
#3169 = DIRECTION('',(0.,1.));
#3170 = ( GEOMETRIC_REPRESENTATION_CONTEXT(2) 
PARAMETRIC_REPRESENTATION_CONTEXT() REPRESENTATION_CONTEXT('2D SPACE',''
  ) );
#3171 = PCURVE('',#2061,#3172);
#3172 = DEFINITIONAL_REPRESENTATION('',(#3173),#3177);
#3173 = LINE('',#3174,#3175);
#3174 = CARTESIAN_POINT('',(0.,0.));
#3175 = VECTOR('',#3176,1.);
#3176 = DIRECTION('',(0.,-1.));
#3177 = ( GEOMETRIC_REPRESENTATION_CONTEXT(2) 
PARAMETRIC_REPRESENTATION_CONTEXT() REPRESENTATION_CONTEXT('2D SPACE',''
  ) );
#3178 = ADVANCED_FACE('',(#3179),#1663,.T.);
#3179 = FACE_BOUND('',#3180,.T.);
#3180 = EDGE_LOOP('',(#3181,#3182,#3203,#3204));
#3181 = ORIENTED_EDGE('',*,*,#1647,.T.);
#3182 = ORIENTED_EDGE('',*,*,#3183,.T.);
#3183 = EDGE_CURVE('',#1648,#2513,#3184,.T.);
#3184 = SURFACE_CURVE('',#3185,(#3189,#3196),.PCURVE_S1.);
#3185 = LINE('',#3186,#3187);
#3186 = CARTESIAN_POINT('',(10.3,-14.,5.));
#3187 = VECTOR('',#3188,1.);
#3188 = DIRECTION('',(0.,0.371390676354,0.928476690885));
#3189 = PCURVE('',#1663,#3190);
#3190 = DEFINITIONAL_REPRESENTATION('',(#3191),#3195);
#3191 = LINE('',#3192,#3193);
#3192 = CARTESIAN_POINT('',(0.,-0.6));
#3193 = VECTOR('',#3194,1.);
#3194 = DIRECTION('',(1.,0.));
#3195 = ( GEOMETRIC_REPRESENTATION_CONTEXT(2) 
PARAMETRIC_REPRESENTATION_CONTEXT() REPRESENTATION_CONTEXT('2D SPACE',''
  ) );
#3196 = PCURVE('',#2528,#3197);
#3197 = DEFINITIONAL_REPRESENTATION('',(#3198),#3202);
#3198 = LINE('',#3199,#3200);
#3199 = CARTESIAN_POINT('',(8.385164807135,5.614835192865));
#3200 = VECTOR('',#3201,1.);
#3201 = DIRECTION('',(-0.928476690885,-0.371390676354));
#3202 = ( GEOMETRIC_REPRESENTATION_CONTEXT(2) 
PARAMETRIC_REPRESENTATION_CONTEXT() REPRESENTATION_CONTEXT('2D SPACE',''
  ) );
#3203 = ORIENTED_EDGE('',*,*,#2540,.F.);
#3204 = ORIENTED_EDGE('',*,*,#3205,.F.);
#3205 = EDGE_CURVE('',#1620,#2541,#3206,.T.);
#3206 = SURFACE_CURVE('',#3207,(#3211,#3218),.PCURVE_S1.);
#3207 = LINE('',#3208,#3209);
#3208 = CARTESIAN_POINT('',(9.7,-14.,5.));
#3209 = VECTOR('',#3210,1.);
#3210 = DIRECTION('',(0.,0.371390676354,0.928476690885));
#3211 = PCURVE('',#1663,#3212);
#3212 = DEFINITIONAL_REPRESENTATION('',(#3213),#3217);
#3213 = LINE('',#3214,#3215);
#3214 = CARTESIAN_POINT('',(0.,0.));
#3215 = VECTOR('',#3216,1.);
#3216 = DIRECTION('',(1.,0.));
#3217 = ( GEOMETRIC_REPRESENTATION_CONTEXT(2) 
PARAMETRIC_REPRESENTATION_CONTEXT() REPRESENTATION_CONTEXT('2D SPACE',''
  ) );
#3218 = PCURVE('',#2579,#3219);
#3219 = DEFINITIONAL_REPRESENTATION('',(#3220),#3224);
#3220 = LINE('',#3221,#3222);
#3221 = CARTESIAN_POINT('',(8.385164807135,5.614835192865));
#3222 = VECTOR('',#3223,1.);
#3223 = DIRECTION('',(-0.928476690885,-0.371390676354));
#3224 = ( GEOMETRIC_REPRESENTATION_CONTEXT(2) 
PARAMETRIC_REPRESENTATION_CONTEXT() REPRESENTATION_CONTEXT('2D SPACE',''
  ) );
#3225 = ADVANCED_FACE('',(#3226),#1635,.T.);
#3226 = FACE_BOUND('',#3227,.T.);
#3227 = EDGE_LOOP('',(#3228,#3229,#3250,#3251));
#3228 = ORIENTED_EDGE('',*,*,#2591,.F.);
#3229 = ORIENTED_EDGE('',*,*,#3230,.T.);
#3230 = EDGE_CURVE('',#2592,#1592,#3231,.T.);
#3231 = SURFACE_CURVE('',#3232,(#3236,#3243),.PCURVE_S1.);
#3232 = LINE('',#3233,#3234);
#3233 = CARTESIAN_POINT('',(-9.7,-6.,5.));
#3234 = VECTOR('',#3235,1.);
#3235 = DIRECTION('',(0.,-1.,0.));
#3236 = PCURVE('',#1635,#3237);
#3237 = DEFINITIONAL_REPRESENTATION('',(#3238),#3242);
#3238 = LINE('',#3239,#3240);
#3239 = CARTESIAN_POINT('',(15.3,9.));
#3240 = VECTOR('',#3241,1.);
#3241 = DIRECTION('',(0.,-1.));
#3242 = ( GEOMETRIC_REPRESENTATION_CONTEXT(2) 
PARAMETRIC_REPRESENTATION_CONTEXT() REPRESENTATION_CONTEXT('2D SPACE',''
  ) );
#3243 = PCURVE('',#2630,#3244);
#3244 = DEFINITIONAL_REPRESENTATION('',(#3245),#3249);
#3245 = LINE('',#3246,#3247);
#3246 = CARTESIAN_POINT('',(8.385164807135,-2.385164807135));
#3247 = VECTOR('',#3248,1.);
#3248 = DIRECTION('',(0.,1.));
#3249 = ( GEOMETRIC_REPRESENTATION_CONTEXT(2) 
PARAMETRIC_REPRESENTATION_CONTEXT() REPRESENTATION_CONTEXT('2D SPACE',''
  ) );
#3250 = ORIENTED_EDGE('',*,*,#1619,.F.);
#3251 = ORIENTED_EDGE('',*,*,#3252,.F.);
#3252 = EDGE_CURVE('',#2564,#1620,#3253,.T.);
#3253 = SURFACE_CURVE('',#3254,(#3258,#3265),.PCURVE_S1.);
#3254 = LINE('',#3255,#3256);
#3255 = CARTESIAN_POINT('',(9.7,-6.,5.));
#3256 = VECTOR('',#3257,1.);
#3257 = DIRECTION('',(0.,-1.,0.));
#3258 = PCURVE('',#1635,#3259);
#3259 = DEFINITIONAL_REPRESENTATION('',(#3260),#3264);
#3260 = LINE('',#3261,#3262);
#3261 = CARTESIAN_POINT('',(34.7,9.));
#3262 = VECTOR('',#3263,1.);
#3263 = DIRECTION('',(0.,-1.));
#3264 = ( GEOMETRIC_REPRESENTATION_CONTEXT(2) 
PARAMETRIC_REPRESENTATION_CONTEXT() REPRESENTATION_CONTEXT('2D SPACE',''
  ) );
#3265 = PCURVE('',#2579,#3266);
#3266 = DEFINITIONAL_REPRESENTATION('',(#3267),#3271);
#3267 = LINE('',#3268,#3269);
#3268 = CARTESIAN_POINT('',(8.385164807135,-2.385164807135));
#3269 = VECTOR('',#3270,1.);
#3270 = DIRECTION('',(0.,1.));
#3271 = ( GEOMETRIC_REPRESENTATION_CONTEXT(2) 
PARAMETRIC_REPRESENTATION_CONTEXT() REPRESENTATION_CONTEXT('2D SPACE',''
  ) );
#3272 = ADVANCED_FACE('',(#3273),#1607,.T.);
#3273 = FACE_BOUND('',#3274,.T.);
#3274 = EDGE_LOOP('',(#3275,#3276,#3297,#3298));
#3275 = ORIENTED_EDGE('',*,*,#1591,.T.);
#3276 = ORIENTED_EDGE('',*,*,#3277,.T.);
#3277 = EDGE_CURVE('',#1592,#2615,#3278,.T.);
#3278 = SURFACE_CURVE('',#3279,(#3283,#3290),.PCURVE_S1.);
#3279 = LINE('',#3280,#3281);
#3280 = CARTESIAN_POINT('',(-9.7,-14.,5.));
#3281 = VECTOR('',#3282,1.);
#3282 = DIRECTION('',(0.,0.371390676354,0.928476690885));
#3283 = PCURVE('',#1607,#3284);
#3284 = DEFINITIONAL_REPRESENTATION('',(#3285),#3289);
#3285 = LINE('',#3286,#3287);
#3286 = CARTESIAN_POINT('',(0.,-0.6));
#3287 = VECTOR('',#3288,1.);
#3288 = DIRECTION('',(1.,0.));
#3289 = ( GEOMETRIC_REPRESENTATION_CONTEXT(2) 
PARAMETRIC_REPRESENTATION_CONTEXT() REPRESENTATION_CONTEXT('2D SPACE',''
  ) );
#3290 = PCURVE('',#2630,#3291);
#3291 = DEFINITIONAL_REPRESENTATION('',(#3292),#3296);
#3292 = LINE('',#3293,#3294);
#3293 = CARTESIAN_POINT('',(8.385164807135,5.614835192865));
#3294 = VECTOR('',#3295,1.);
#3295 = DIRECTION('',(-0.928476690885,-0.371390676354));
#3296 = ( GEOMETRIC_REPRESENTATION_CONTEXT(2) 
PARAMETRIC_REPRESENTATION_CONTEXT() REPRESENTATION_CONTEXT('2D SPACE',''
  ) );
#3297 = ORIENTED_EDGE('',*,*,#2642,.F.);
#3298 = ORIENTED_EDGE('',*,*,#2802,.F.);
#3299 = ADVANCED_FACE('',(#3300),#1748,.T.);
#3300 = FACE_BOUND('',#3301,.T.);
#3301 = EDGE_LOOP('',(#3302,#3303,#3304,#3305));
#3302 = ORIENTED_EDGE('',*,*,#1730,.F.);
#3303 = ORIENTED_EDGE('',*,*,#2931,.F.);
#3304 = ORIENTED_EDGE('',*,*,#2955,.T.);
#3305 = ORIENTED_EDGE('',*,*,#3306,.T.);
#3306 = EDGE_CURVE('',#2956,#1733,#3307,.T.);
#3307 = SURFACE_CURVE('',#3308,(#3312,#3319),.PCURVE_S1.);
#3308 = LINE('',#3309,#3310);
#3309 = CARTESIAN_POINT('',(25.,11.,4.));
#3310 = VECTOR('',#3311,1.);
#3311 = DIRECTION('',(-0.,-1.,-0.));
#3312 = PCURVE('',#1748,#3313);
#3313 = DEFINITIONAL_REPRESENTATION('',(#3314),#3318);
#3314 = LINE('',#3315,#3316);
#3315 = CARTESIAN_POINT('',(4.,-26.));
#3316 = VECTOR('',#3317,1.);
#3317 = DIRECTION('',(-0.,1.));
#3318 = ( GEOMETRIC_REPRESENTATION_CONTEXT(2) 
PARAMETRIC_REPRESENTATION_CONTEXT() REPRESENTATION_CONTEXT('2D SPACE',''
  ) );
#3319 = PCURVE('',#3020,#3320);
#3320 = DEFINITIONAL_REPRESENTATION('',(#3321),#3325);
#3321 = LINE('',#3322,#3323);
#3322 = CARTESIAN_POINT('',(-0.,-0.707106781187));
#3323 = VECTOR('',#3324,1.);
#3324 = DIRECTION('',(-1.,0.));
#3325 = ( GEOMETRIC_REPRESENTATION_CONTEXT(2) 
PARAMETRIC_REPRESENTATION_CONTEXT() REPRESENTATION_CONTEXT('2D SPACE',''
  ) );
#3326 = ADVANCED_FACE('',(#3327),#1929,.F.);
#3327 = FACE_BOUND('',#3328,.F.);
#3328 = EDGE_LOOP('',(#3329,#3330,#3351,#3352));
#3329 = ORIENTED_EDGE('',*,*,#1915,.T.);
#3330 = ORIENTED_EDGE('',*,*,#3331,.T.);
#3331 = EDGE_CURVE('',#1888,#2199,#3332,.T.);
#3332 = SURFACE_CURVE('',#3333,(#3337,#3344),.PCURVE_S1.);
#3333 = LINE('',#3334,#3335);
#3334 = CARTESIAN_POINT('',(-9.7,14.,5.));
#3335 = VECTOR('',#3336,1.);
#3336 = DIRECTION('',(0.,-0.371390676354,0.928476690885));
#3337 = PCURVE('',#1929,#3338);
#3338 = DEFINITIONAL_REPRESENTATION('',(#3339),#3343);
#3339 = LINE('',#3340,#3341);
#3340 = CARTESIAN_POINT('',(0.,-0.6));
#3341 = VECTOR('',#3342,1.);
#3342 = DIRECTION('',(1.,0.));
#3343 = ( GEOMETRIC_REPRESENTATION_CONTEXT(2) 
PARAMETRIC_REPRESENTATION_CONTEXT() REPRESENTATION_CONTEXT('2D SPACE',''
  ) );
#3344 = PCURVE('',#2214,#3345);
#3345 = DEFINITIONAL_REPRESENTATION('',(#3346),#3350);
#3346 = LINE('',#3347,#3348);
#3347 = CARTESIAN_POINT('',(-8.385164807135,-5.614835192865));
#3348 = VECTOR('',#3349,1.);
#3349 = DIRECTION('',(0.928476690885,0.371390676354));
#3350 = ( GEOMETRIC_REPRESENTATION_CONTEXT(2) 
PARAMETRIC_REPRESENTATION_CONTEXT() REPRESENTATION_CONTEXT('2D SPACE',''
  ) );
#3351 = ORIENTED_EDGE('',*,*,#2226,.F.);
#3352 = ORIENTED_EDGE('',*,*,#1946,.F.);
#3353 = ADVANCED_FACE('',(#3354),#1903,.T.);
#3354 = FACE_BOUND('',#3355,.T.);
#3355 = EDGE_LOOP('',(#3356,#3357,#3378,#3379));
#3356 = ORIENTED_EDGE('',*,*,#2175,.T.);
#3357 = ORIENTED_EDGE('',*,*,#3358,.T.);
#3358 = EDGE_CURVE('',#2148,#1860,#3359,.T.);
#3359 = SURFACE_CURVE('',#3360,(#3364,#3371),.PCURVE_S1.);
#3360 = LINE('',#3361,#3362);
#3361 = CARTESIAN_POINT('',(9.7,6.,5.));
#3362 = VECTOR('',#3363,1.);
#3363 = DIRECTION('',(0.,1.,0.));
#3364 = PCURVE('',#1903,#3365);
#3365 = DEFINITIONAL_REPRESENTATION('',(#3366),#3370);
#3366 = LINE('',#3367,#3368);
#3367 = CARTESIAN_POINT('',(34.7,21.));
#3368 = VECTOR('',#3369,1.);
#3369 = DIRECTION('',(0.,1.));
#3370 = ( GEOMETRIC_REPRESENTATION_CONTEXT(2) 
PARAMETRIC_REPRESENTATION_CONTEXT() REPRESENTATION_CONTEXT('2D SPACE',''
  ) );
#3371 = PCURVE('',#2163,#3372);
#3372 = DEFINITIONAL_REPRESENTATION('',(#3373),#3377);
#3373 = LINE('',#3374,#3375);
#3374 = CARTESIAN_POINT('',(-8.385164807135,2.385164807135));
#3375 = VECTOR('',#3376,1.);
#3376 = DIRECTION('',(0.,-1.));
#3377 = ( GEOMETRIC_REPRESENTATION_CONTEXT(2) 
PARAMETRIC_REPRESENTATION_CONTEXT() REPRESENTATION_CONTEXT('2D SPACE',''
  ) );
#3378 = ORIENTED_EDGE('',*,*,#1887,.F.);
#3379 = ORIENTED_EDGE('',*,*,#3380,.F.);
#3380 = EDGE_CURVE('',#2176,#1888,#3381,.T.);
#3381 = SURFACE_CURVE('',#3382,(#3386,#3393),.PCURVE_S1.);
#3382 = LINE('',#3383,#3384);
#3383 = CARTESIAN_POINT('',(-9.7,6.,5.));
#3384 = VECTOR('',#3385,1.);
#3385 = DIRECTION('',(0.,1.,0.));
#3386 = PCURVE('',#1903,#3387);
#3387 = DEFINITIONAL_REPRESENTATION('',(#3388),#3392);
#3388 = LINE('',#3389,#3390);
#3389 = CARTESIAN_POINT('',(15.3,21.));
#3390 = VECTOR('',#3391,1.);
#3391 = DIRECTION('',(0.,1.));
#3392 = ( GEOMETRIC_REPRESENTATION_CONTEXT(2) 
PARAMETRIC_REPRESENTATION_CONTEXT() REPRESENTATION_CONTEXT('2D SPACE',''
  ) );
#3393 = PCURVE('',#2214,#3394);
#3394 = DEFINITIONAL_REPRESENTATION('',(#3395),#3399);
#3395 = LINE('',#3396,#3397);
#3396 = CARTESIAN_POINT('',(-8.385164807135,2.385164807135));
#3397 = VECTOR('',#3398,1.);
#3398 = DIRECTION('',(0.,-1.));
#3399 = ( GEOMETRIC_REPRESENTATION_CONTEXT(2) 
PARAMETRIC_REPRESENTATION_CONTEXT() REPRESENTATION_CONTEXT('2D SPACE',''
  ) );
#3400 = ADVANCED_FACE('',(#3401),#1875,.F.);
#3401 = FACE_BOUND('',#3402,.F.);
#3402 = EDGE_LOOP('',(#3403,#3404,#3425,#3426));
#3403 = ORIENTED_EDGE('',*,*,#1859,.T.);
#3404 = ORIENTED_EDGE('',*,*,#3405,.T.);
#3405 = EDGE_CURVE('',#1837,#2097,#3406,.T.);
#3406 = SURFACE_CURVE('',#3407,(#3411,#3418),.PCURVE_S1.);
#3407 = LINE('',#3408,#3409);
#3408 = CARTESIAN_POINT('',(10.3,14.,5.));
#3409 = VECTOR('',#3410,1.);
#3410 = DIRECTION('',(0.,-0.371390676354,0.928476690885));
#3411 = PCURVE('',#1875,#3412);
#3412 = DEFINITIONAL_REPRESENTATION('',(#3413),#3417);
#3413 = LINE('',#3414,#3415);
#3414 = CARTESIAN_POINT('',(0.,-0.6));
#3415 = VECTOR('',#3416,1.);
#3416 = DIRECTION('',(1.,0.));
#3417 = ( GEOMETRIC_REPRESENTATION_CONTEXT(2) 
PARAMETRIC_REPRESENTATION_CONTEXT() REPRESENTATION_CONTEXT('2D SPACE',''
  ) );
#3418 = PCURVE('',#2112,#3419);
#3419 = DEFINITIONAL_REPRESENTATION('',(#3420),#3424);
#3420 = LINE('',#3421,#3422);
#3421 = CARTESIAN_POINT('',(-8.385164807135,-5.614835192865));
#3422 = VECTOR('',#3423,1.);
#3423 = DIRECTION('',(0.928476690885,0.371390676354));
#3424 = ( GEOMETRIC_REPRESENTATION_CONTEXT(2) 
PARAMETRIC_REPRESENTATION_CONTEXT() REPRESENTATION_CONTEXT('2D SPACE',''
  ) );
#3425 = ORIENTED_EDGE('',*,*,#2124,.F.);
#3426 = ORIENTED_EDGE('',*,*,#3427,.F.);
#3427 = EDGE_CURVE('',#1860,#2125,#3428,.T.);
#3428 = SURFACE_CURVE('',#3429,(#3433,#3440),.PCURVE_S1.);
#3429 = LINE('',#3430,#3431);
#3430 = CARTESIAN_POINT('',(9.7,14.,5.));
#3431 = VECTOR('',#3432,1.);
#3432 = DIRECTION('',(0.,-0.371390676354,0.928476690885));
#3433 = PCURVE('',#1875,#3434);
#3434 = DEFINITIONAL_REPRESENTATION('',(#3435),#3439);
#3435 = LINE('',#3436,#3437);
#3436 = CARTESIAN_POINT('',(0.,0.));
#3437 = VECTOR('',#3438,1.);
#3438 = DIRECTION('',(1.,0.));
#3439 = ( GEOMETRIC_REPRESENTATION_CONTEXT(2) 
PARAMETRIC_REPRESENTATION_CONTEXT() REPRESENTATION_CONTEXT('2D SPACE',''
  ) );
#3440 = PCURVE('',#2163,#3441);
#3441 = DEFINITIONAL_REPRESENTATION('',(#3442),#3446);
#3442 = LINE('',#3443,#3444);
#3443 = CARTESIAN_POINT('',(-8.385164807135,-5.614835192865));
#3444 = VECTOR('',#3445,1.);
#3445 = DIRECTION('',(0.928476690885,0.371390676354));
#3446 = ( GEOMETRIC_REPRESENTATION_CONTEXT(2) 
PARAMETRIC_REPRESENTATION_CONTEXT() REPRESENTATION_CONTEXT('2D SPACE',''
  ) );
#3447 = ADVANCED_FACE('',(#3448),#1825,.T.);
#3448 = FACE_BOUND('',#3449,.F.);
#3449 = EDGE_LOOP('',(#3450,#3451,#3452,#3471));
#3450 = ORIENTED_EDGE('',*,*,#1810,.F.);
#3451 = ORIENTED_EDGE('',*,*,#2980,.T.);
#3452 = ORIENTED_EDGE('',*,*,#3453,.T.);
#3453 = EDGE_CURVE('',#2956,#3087,#3454,.T.);
#3454 = SURFACE_CURVE('',#3455,(#3459,#3465),.PCURVE_S1.);
#3455 = LINE('',#3456,#3457);
#3456 = CARTESIAN_POINT('',(25.,11.,4.));
#3457 = VECTOR('',#3458,1.);
#3458 = DIRECTION('',(-0.707106781187,-4.329780281177E-17,0.707106781187
    ));
#3459 = PCURVE('',#1825,#3460);
#3460 = DEFINITIONAL_REPRESENTATION('',(#3461),#3464);
#3461 = B_SPLINE_CURVE_WITH_KNOTS('',1,(#3462,#3463),.UNSPECIFIED.,.F.,
  .F.,(2,2),(0.,1.414213562373),.PIECEWISE_BEZIER_KNOTS.);
#3462 = CARTESIAN_POINT('',(1.570796326795,0.));
#3463 = CARTESIAN_POINT('',(1.570796326795,-1.));
#3464 = ( GEOMETRIC_REPRESENTATION_CONTEXT(2) 
PARAMETRIC_REPRESENTATION_CONTEXT() REPRESENTATION_CONTEXT('2D SPACE',''
  ) );
#3465 = PCURVE('',#3020,#3466);
#3466 = DEFINITIONAL_REPRESENTATION('',(#3467),#3470);
#3467 = B_SPLINE_CURVE_WITH_KNOTS('',1,(#3468,#3469),.UNSPECIFIED.,.F.,
  .F.,(2,2),(0.,1.414213562373),.PIECEWISE_BEZIER_KNOTS.);
#3468 = CARTESIAN_POINT('',(0.,-0.707106781187));
#3469 = CARTESIAN_POINT('',(0.,0.707106781187));
#3470 = ( GEOMETRIC_REPRESENTATION_CONTEXT(2) 
PARAMETRIC_REPRESENTATION_CONTEXT() REPRESENTATION_CONTEXT('2D SPACE',''
  ) );
#3471 = ORIENTED_EDGE('',*,*,#3109,.F.);
#3472 = ADVANCED_FACE('',(#3473),#2214,.T.);
#3473 = FACE_BOUND('',#3474,.T.);
#3474 = EDGE_LOOP('',(#3475,#3476,#3477));
#3475 = ORIENTED_EDGE('',*,*,#3380,.T.);
#3476 = ORIENTED_EDGE('',*,*,#3331,.T.);
#3477 = ORIENTED_EDGE('',*,*,#2198,.T.);
#3478 = ADVANCED_FACE('',(#3479),#2163,.F.);
#3479 = FACE_BOUND('',#3480,.F.);
#3480 = EDGE_LOOP('',(#3481,#3482,#3483));
#3481 = ORIENTED_EDGE('',*,*,#3358,.T.);
#3482 = ORIENTED_EDGE('',*,*,#3427,.T.);
#3483 = ORIENTED_EDGE('',*,*,#2147,.T.);
#3484 = ADVANCED_FACE('',(#3485),#2112,.T.);
#3485 = FACE_BOUND('',#3486,.T.);
#3486 = EDGE_LOOP('',(#3487,#3488,#3489));
#3487 = ORIENTED_EDGE('',*,*,#3136,.T.);
#3488 = ORIENTED_EDGE('',*,*,#3405,.T.);
#3489 = ORIENTED_EDGE('',*,*,#2096,.T.);
#3490 = ADVANCED_FACE('',(#3491),#2061,.T.);
#3491 = FACE_BOUND('',#3492,.T.);
#3492 = EDGE_LOOP('',(#3493,#3494,#3495,#3496));
#3493 = ORIENTED_EDGE('',*,*,#2466,.F.);
#3494 = ORIENTED_EDGE('',*,*,#3158,.T.);
#3495 = ORIENTED_EDGE('',*,*,#2045,.T.);
#3496 = ORIENTED_EDGE('',*,*,#3497,.F.);
#3497 = EDGE_CURVE('',#2444,#2018,#3498,.T.);
#3498 = SURFACE_CURVE('',#3499,(#3503,#3510),.PCURVE_S1.);
#3499 = LINE('',#3500,#3501);
#3500 = CARTESIAN_POINT('',(13.,-6.,45.));
#3501 = VECTOR('',#3502,1.);
#3502 = DIRECTION('',(0.,1.,0.));
#3503 = PCURVE('',#2061,#3504);
#3504 = DEFINITIONAL_REPRESENTATION('',(#3505),#3509);
#3505 = LINE('',#3506,#3507);
#3506 = CARTESIAN_POINT('',(40.,0.));
#3507 = VECTOR('',#3508,1.);
#3508 = DIRECTION('',(0.,-1.));
#3509 = ( GEOMETRIC_REPRESENTATION_CONTEXT(2) 
PARAMETRIC_REPRESENTATION_CONTEXT() REPRESENTATION_CONTEXT('2D SPACE',''
  ) );
#3510 = PCURVE('',#2033,#3511);
#3511 = DEFINITIONAL_REPRESENTATION('',(#3512),#3516);
#3512 = LINE('',#3513,#3514);
#3513 = CARTESIAN_POINT('',(26.,0.));
#3514 = VECTOR('',#3515,1.);
#3515 = DIRECTION('',(0.,1.));
#3516 = ( GEOMETRIC_REPRESENTATION_CONTEXT(2) 
PARAMETRIC_REPRESENTATION_CONTEXT() REPRESENTATION_CONTEXT('2D SPACE',''
  ) );
#3517 = ADVANCED_FACE('',(#3518),#2033,.T.);
#3518 = FACE_BOUND('',#3519,.T.);
#3519 = EDGE_LOOP('',(#3520,#3521,#3522,#3523));
#3520 = ORIENTED_EDGE('',*,*,#2417,.F.);
#3521 = ORIENTED_EDGE('',*,*,#2443,.T.);
#3522 = ORIENTED_EDGE('',*,*,#3497,.T.);
#3523 = ORIENTED_EDGE('',*,*,#2017,.F.);
#3524 = ADVANCED_FACE('',(#3525),#2267,.T.);
#3525 = FACE_BOUND('',#3526,.T.);
#3526 = EDGE_LOOP('',(#3527,#3548,#3549,#3570));
#3527 = ORIENTED_EDGE('',*,*,#3528,.F.);
#3528 = EDGE_CURVE('',#2689,#2251,#3529,.T.);
#3529 = SURFACE_CURVE('',#3530,(#3534,#3541),.PCURVE_S1.);
#3530 = LINE('',#3531,#3532);
#3531 = CARTESIAN_POINT('',(-9.,-10.,22.));
#3532 = VECTOR('',#3533,1.);
#3533 = DIRECTION('',(0.,1.,0.));
#3534 = PCURVE('',#2267,#3535);
#3535 = DEFINITIONAL_REPRESENTATION('',(#3536),#3540);
#3536 = LINE('',#3537,#3538);
#3537 = CARTESIAN_POINT('',(0.,-10.));
#3538 = VECTOR('',#3539,1.);
#3539 = DIRECTION('',(0.,1.));
#3540 = ( GEOMETRIC_REPRESENTATION_CONTEXT(2) 
PARAMETRIC_REPRESENTATION_CONTEXT() REPRESENTATION_CONTEXT('2D SPACE',''
  ) );
#3541 = PCURVE('',#2343,#3542);
#3542 = DEFINITIONAL_REPRESENTATION('',(#3543),#3547);
#3543 = LINE('',#3544,#3545);
#3544 = CARTESIAN_POINT('',(18.,-10.));
#3545 = VECTOR('',#3546,1.);
#3546 = DIRECTION('',(0.,1.));
#3547 = ( GEOMETRIC_REPRESENTATION_CONTEXT(2) 
PARAMETRIC_REPRESENTATION_CONTEXT() REPRESENTATION_CONTEXT('2D SPACE',''
  ) );
#3548 = ORIENTED_EDGE('',*,*,#2688,.T.);
#3549 = ORIENTED_EDGE('',*,*,#3550,.T.);
#3550 = EDGE_CURVE('',#2691,#2253,#3551,.T.);
#3551 = SURFACE_CURVE('',#3552,(#3556,#3563),.PCURVE_S1.);
#3552 = LINE('',#3553,#3554);
#3553 = CARTESIAN_POINT('',(-9.,-10.,10.));
#3554 = VECTOR('',#3555,1.);
#3555 = DIRECTION('',(0.,1.,0.));
#3556 = PCURVE('',#2267,#3557);
#3557 = DEFINITIONAL_REPRESENTATION('',(#3558),#3562);
#3558 = LINE('',#3559,#3560);
#3559 = CARTESIAN_POINT('',(12.,-10.));
#3560 = VECTOR('',#3561,1.);
#3561 = DIRECTION('',(0.,1.));
#3562 = ( GEOMETRIC_REPRESENTATION_CONTEXT(2) 
PARAMETRIC_REPRESENTATION_CONTEXT() REPRESENTATION_CONTEXT('2D SPACE',''
  ) );
#3563 = PCURVE('',#2293,#3564);
#3564 = DEFINITIONAL_REPRESENTATION('',(#3565),#3569);
#3565 = LINE('',#3566,#3567);
#3566 = CARTESIAN_POINT('',(0.,-10.));
#3567 = VECTOR('',#3568,1.);
#3568 = DIRECTION('',(0.,1.));
#3569 = ( GEOMETRIC_REPRESENTATION_CONTEXT(2) 
PARAMETRIC_REPRESENTATION_CONTEXT() REPRESENTATION_CONTEXT('2D SPACE',''
  ) );
#3570 = ORIENTED_EDGE('',*,*,#2250,.F.);
#3571 = ADVANCED_FACE('',(#3572),#2343,.T.);
#3572 = FACE_BOUND('',#3573,.T.);
#3573 = EDGE_LOOP('',(#3574,#3595,#3596,#3597));
#3574 = ORIENTED_EDGE('',*,*,#3575,.T.);
#3575 = EDGE_CURVE('',#2305,#2733,#3576,.T.);
#3576 = SURFACE_CURVE('',#3577,(#3581,#3588),.PCURVE_S1.);
#3577 = LINE('',#3578,#3579);
#3578 = CARTESIAN_POINT('',(9.,10.,22.));
#3579 = VECTOR('',#3580,1.);
#3580 = DIRECTION('',(0.,-1.,0.));
#3581 = PCURVE('',#2343,#3582);
#3582 = DEFINITIONAL_REPRESENTATION('',(#3583),#3587);
#3583 = LINE('',#3584,#3585);
#3584 = CARTESIAN_POINT('',(0.,10.));
#3585 = VECTOR('',#3586,1.);
#3586 = DIRECTION('',(0.,-1.));
#3587 = ( GEOMETRIC_REPRESENTATION_CONTEXT(2) 
PARAMETRIC_REPRESENTATION_CONTEXT() REPRESENTATION_CONTEXT('2D SPACE',''
  ) );
#3588 = PCURVE('',#2319,#3589);
#3589 = DEFINITIONAL_REPRESENTATION('',(#3590),#3594);
#3590 = LINE('',#3591,#3592);
#3591 = CARTESIAN_POINT('',(12.,10.));
#3592 = VECTOR('',#3593,1.);
#3593 = DIRECTION('',(0.,-1.));
#3594 = ( GEOMETRIC_REPRESENTATION_CONTEXT(2) 
PARAMETRIC_REPRESENTATION_CONTEXT() REPRESENTATION_CONTEXT('2D SPACE',''
  ) );
#3595 = ORIENTED_EDGE('',*,*,#2753,.T.);
#3596 = ORIENTED_EDGE('',*,*,#3528,.T.);
#3597 = ORIENTED_EDGE('',*,*,#2330,.F.);
#3598 = ADVANCED_FACE('',(#3599),#2293,.T.);
#3599 = FACE_BOUND('',#3600,.T.);
#3600 = EDGE_LOOP('',(#3601,#3602,#3603,#3624));
#3601 = ORIENTED_EDGE('',*,*,#3550,.F.);
#3602 = ORIENTED_EDGE('',*,*,#2711,.T.);
#3603 = ORIENTED_EDGE('',*,*,#3604,.F.);
#3604 = EDGE_CURVE('',#2279,#2712,#3605,.T.);
#3605 = SURFACE_CURVE('',#3606,(#3610,#3617),.PCURVE_S1.);
#3606 = LINE('',#3607,#3608);
#3607 = CARTESIAN_POINT('',(9.,10.,10.));
#3608 = VECTOR('',#3609,1.);
#3609 = DIRECTION('',(0.,-1.,0.));
#3610 = PCURVE('',#2293,#3611);
#3611 = DEFINITIONAL_REPRESENTATION('',(#3612),#3616);
#3612 = LINE('',#3613,#3614);
#3613 = CARTESIAN_POINT('',(18.,10.));
#3614 = VECTOR('',#3615,1.);
#3615 = DIRECTION('',(0.,-1.));
#3616 = ( GEOMETRIC_REPRESENTATION_CONTEXT(2) 
PARAMETRIC_REPRESENTATION_CONTEXT() REPRESENTATION_CONTEXT('2D SPACE',''
  ) );
#3617 = PCURVE('',#2319,#3618);
#3618 = DEFINITIONAL_REPRESENTATION('',(#3619),#3623);
#3619 = LINE('',#3620,#3621);
#3620 = CARTESIAN_POINT('',(0.,10.));
#3621 = VECTOR('',#3622,1.);
#3622 = DIRECTION('',(0.,-1.));
#3623 = ( GEOMETRIC_REPRESENTATION_CONTEXT(2) 
PARAMETRIC_REPRESENTATION_CONTEXT() REPRESENTATION_CONTEXT('2D SPACE',''
  ) );
#3624 = ORIENTED_EDGE('',*,*,#2278,.F.);
#3625 = ADVANCED_FACE('',(#3626),#2319,.T.);
#3626 = FACE_BOUND('',#3627,.T.);
#3627 = EDGE_LOOP('',(#3628,#3629,#3630,#3631));
#3628 = ORIENTED_EDGE('',*,*,#3604,.T.);
#3629 = ORIENTED_EDGE('',*,*,#2732,.T.);
#3630 = ORIENTED_EDGE('',*,*,#3575,.F.);
#3631 = ORIENTED_EDGE('',*,*,#2304,.F.);
#3632 = ADVANCED_FACE('',(#3633),#2377,.F.);
#3633 = FACE_BOUND('',#3634,.F.);
#3634 = EDGE_LOOP('',(#3635,#3636,#3657,#3658));
#3635 = ORIENTED_EDGE('',*,*,#2356,.T.);
#3636 = ORIENTED_EDGE('',*,*,#3637,.F.);
#3637 = EDGE_CURVE('',#2775,#2357,#3638,.T.);
#3638 = SEAM_CURVE('',#3639,(#3643,#3650),.PCURVE_S1.);
#3639 = LINE('',#3640,#3641);
#3640 = CARTESIAN_POINT('',(3.1,-6.,36.));
#3641 = VECTOR('',#3642,1.);
#3642 = DIRECTION('',(0.,1.,0.));
#3643 = PCURVE('',#2377,#3644);
#3644 = DEFINITIONAL_REPRESENTATION('',(#3645),#3649);
#3645 = LINE('',#3646,#3647);
#3646 = CARTESIAN_POINT('',(6.28318530718,6.));
#3647 = VECTOR('',#3648,1.);
#3648 = DIRECTION('',(0.,-1.));
#3649 = ( GEOMETRIC_REPRESENTATION_CONTEXT(2) 
PARAMETRIC_REPRESENTATION_CONTEXT() REPRESENTATION_CONTEXT('2D SPACE',''
  ) );
#3650 = PCURVE('',#2377,#3651);
#3651 = DEFINITIONAL_REPRESENTATION('',(#3652),#3656);
#3652 = LINE('',#3653,#3654);
#3653 = CARTESIAN_POINT('',(0.,6.));
#3654 = VECTOR('',#3655,1.);
#3655 = DIRECTION('',(0.,-1.));
#3656 = ( GEOMETRIC_REPRESENTATION_CONTEXT(2) 
PARAMETRIC_REPRESENTATION_CONTEXT() REPRESENTATION_CONTEXT('2D SPACE',''
  ) );
#3657 = ORIENTED_EDGE('',*,*,#2774,.T.);
#3658 = ORIENTED_EDGE('',*,*,#3637,.T.);
#3659 = ADVANCED_FACE('',(#3660),#2630,.F.);
#3660 = FACE_BOUND('',#3661,.F.);
#3661 = EDGE_LOOP('',(#3662,#3663,#3664));
#3662 = ORIENTED_EDGE('',*,*,#3230,.T.);
#3663 = ORIENTED_EDGE('',*,*,#3277,.T.);
#3664 = ORIENTED_EDGE('',*,*,#2614,.T.);
#3665 = ADVANCED_FACE('',(#3666),#2579,.T.);
#3666 = FACE_BOUND('',#3667,.T.);
#3667 = EDGE_LOOP('',(#3668,#3669,#3670));
#3668 = ORIENTED_EDGE('',*,*,#3252,.T.);
#3669 = ORIENTED_EDGE('',*,*,#3205,.T.);
#3670 = ORIENTED_EDGE('',*,*,#2563,.T.);
#3671 = ADVANCED_FACE('',(#3672),#2528,.F.);
#3672 = FACE_BOUND('',#3673,.F.);
#3673 = EDGE_LOOP('',(#3674,#3675,#3676));
#3674 = ORIENTED_EDGE('',*,*,#3063,.T.);
#3675 = ORIENTED_EDGE('',*,*,#3183,.T.);
#3676 = ORIENTED_EDGE('',*,*,#2512,.T.);
#3677 = ADVANCED_FACE('',(#3678),#3020,.T.);
#3678 = FACE_BOUND('',#3679,.F.);
#3679 = EDGE_LOOP('',(#3680,#3681,#3682,#3683));
#3680 = ORIENTED_EDGE('',*,*,#3453,.F.);
#3681 = ORIENTED_EDGE('',*,*,#3306,.T.);
#3682 = ORIENTED_EDGE('',*,*,#3005,.T.);
#3683 = ORIENTED_EDGE('',*,*,#3086,.F.);
#3684 = ( GEOMETRIC_REPRESENTATION_CONTEXT(3) 
GLOBAL_UNCERTAINTY_ASSIGNED_CONTEXT((#3688)) 
GLOBAL_UNIT_ASSIGNED_CONTEXT((#3685,#3686,#3687)) REPRESENTATION_CONTEXT
('Context #1','3D Context with UNIT and UNCERTAINTY') );
#3685 = ( LENGTH_UNIT() NAMED_UNIT(*) SI_UNIT(.MILLI.,.METRE.) );
#3686 = ( NAMED_UNIT(*) PLANE_ANGLE_UNIT() SI_UNIT($,.RADIAN.) );
#3687 = ( NAMED_UNIT(*) SI_UNIT($,.STERADIAN.) SOLID_ANGLE_UNIT() );
#3688 = UNCERTAINTY_MEASURE_WITH_UNIT(LENGTH_MEASURE(1.E-07),#3685,
  'distance_accuracy_value','confusion accuracy');
#3689 = CONTEXT_DEPENDENT_SHAPE_REPRESENTATION(#3690,#3692);
#3690 = ( REPRESENTATION_RELATIONSHIP('','',#397,#10) 
REPRESENTATION_RELATIONSHIP_WITH_TRANSFORMATION(#3691) 
SHAPE_REPRESENTATION_RELATIONSHIP() );
#3691 = ITEM_DEFINED_TRANSFORMATION('','',#11,#19);
#3692 = PRODUCT_DEFINITION_SHAPE('Placement','Placement of an item',
  #3693);
#3693 = NEXT_ASSEMBLY_USAGE_OCCURRENCE('2','Bracket','',#5,#392,$);
#3694 = PRODUCT_RELATED_PRODUCT_CATEGORY('part',$,(#394));
#3695 = SHAPE_DEFINITION_REPRESENTATION(#3696,#3702);
#3696 = PRODUCT_DEFINITION_SHAPE('','',#3697);
#3697 = PRODUCT_DEFINITION('design','',#3698,#3701);
#3698 = PRODUCT_DEFINITION_FORMATION('','',#3699);
#3699 = PRODUCT('Crank','Crank','',(#3700));
#3700 = PRODUCT_CONTEXT('',#2,'mechanical');
#3701 = PRODUCT_DEFINITION_CONTEXT('part definition',#2,'design');
#3702 = ADVANCED_BREP_SHAPE_REPRESENTATION('',(#11,#3703),#4223);
#3703 = MANIFOLD_SOLID_BREP('',#3704);
#3704 = CLOSED_SHELL('',(#3705,#3825,#3903,#3976,#4038,#4130,#4137,#4164
    ,#4219));
#3705 = ADVANCED_FACE('',(#3706),#3720,.T.);
#3706 = FACE_BOUND('',#3707,.T.);
#3707 = EDGE_LOOP('',(#3708,#3743,#3771,#3799));
#3708 = ORIENTED_EDGE('',*,*,#3709,.T.);
#3709 = EDGE_CURVE('',#3710,#3712,#3714,.T.);
#3710 = VERTEX_POINT('',#3711);
#3711 = CARTESIAN_POINT('',(0.,6.,0.));
#3712 = VERTEX_POINT('',#3713);
#3713 = CARTESIAN_POINT('',(0.,6.,5.));
#3714 = SURFACE_CURVE('',#3715,(#3719,#3731),.PCURVE_S1.);
#3715 = LINE('',#3716,#3717);
#3716 = CARTESIAN_POINT('',(0.,6.,0.));
#3717 = VECTOR('',#3718,1.);
#3718 = DIRECTION('',(0.,0.,1.));
#3719 = PCURVE('',#3720,#3725);
#3720 = PLANE('',#3721);
#3721 = AXIS2_PLACEMENT_3D('',#3722,#3723,#3724);
#3722 = CARTESIAN_POINT('',(0.,6.,0.));
#3723 = DIRECTION('',(0.,1.,0.));
#3724 = DIRECTION('',(1.,0.,0.));
#3725 = DEFINITIONAL_REPRESENTATION('',(#3726),#3730);
#3726 = LINE('',#3727,#3728);
#3727 = CARTESIAN_POINT('',(0.,0.));
#3728 = VECTOR('',#3729,1.);
#3729 = DIRECTION('',(0.,-1.));
#3730 = ( GEOMETRIC_REPRESENTATION_CONTEXT(2) 
PARAMETRIC_REPRESENTATION_CONTEXT() REPRESENTATION_CONTEXT('2D SPACE',''
  ) );
#3731 = PCURVE('',#3732,#3737);
#3732 = CYLINDRICAL_SURFACE('',#3733,6.);
#3733 = AXIS2_PLACEMENT_3D('',#3734,#3735,#3736);
#3734 = CARTESIAN_POINT('',(0.,0.,0.));
#3735 = DIRECTION('',(0.,-0.,-1.));
#3736 = DIRECTION('',(0.,-1.,0.));
#3737 = DEFINITIONAL_REPRESENTATION('',(#3738),#3742);
#3738 = LINE('',#3739,#3740);
#3739 = CARTESIAN_POINT('',(3.14159265359,0.));
#3740 = VECTOR('',#3741,1.);
#3741 = DIRECTION('',(0.,-1.));
#3742 = ( GEOMETRIC_REPRESENTATION_CONTEXT(2) 
PARAMETRIC_REPRESENTATION_CONTEXT() REPRESENTATION_CONTEXT('2D SPACE',''
  ) );
#3743 = ORIENTED_EDGE('',*,*,#3744,.T.);
#3744 = EDGE_CURVE('',#3712,#3745,#3747,.T.);
#3745 = VERTEX_POINT('',#3746);
#3746 = CARTESIAN_POINT('',(28.,6.,5.));
#3747 = SURFACE_CURVE('',#3748,(#3752,#3759),.PCURVE_S1.);
#3748 = LINE('',#3749,#3750);
#3749 = CARTESIAN_POINT('',(0.,6.,5.));
#3750 = VECTOR('',#3751,1.);
#3751 = DIRECTION('',(1.,0.,0.));
#3752 = PCURVE('',#3720,#3753);
#3753 = DEFINITIONAL_REPRESENTATION('',(#3754),#3758);
#3754 = LINE('',#3755,#3756);
#3755 = CARTESIAN_POINT('',(0.,-5.));
#3756 = VECTOR('',#3757,1.);
#3757 = DIRECTION('',(1.,0.));
#3758 = ( GEOMETRIC_REPRESENTATION_CONTEXT(2) 
PARAMETRIC_REPRESENTATION_CONTEXT() REPRESENTATION_CONTEXT('2D SPACE',''
  ) );
#3759 = PCURVE('',#3760,#3765);
#3760 = PLANE('',#3761);
#3761 = AXIS2_PLACEMENT_3D('',#3762,#3763,#3764);
#3762 = CARTESIAN_POINT('',(14.,-3.861645303044E-17,5.));
#3763 = DIRECTION('',(-0.,-0.,-1.));
#3764 = DIRECTION('',(-1.,0.,0.));
#3765 = DEFINITIONAL_REPRESENTATION('',(#3766),#3770);
#3766 = LINE('',#3767,#3768);
#3767 = CARTESIAN_POINT('',(14.,6.));
#3768 = VECTOR('',#3769,1.);
#3769 = DIRECTION('',(-1.,0.));
#3770 = ( GEOMETRIC_REPRESENTATION_CONTEXT(2) 
PARAMETRIC_REPRESENTATION_CONTEXT() REPRESENTATION_CONTEXT('2D SPACE',''
  ) );
#3771 = ORIENTED_EDGE('',*,*,#3772,.F.);
#3772 = EDGE_CURVE('',#3773,#3745,#3775,.T.);
#3773 = VERTEX_POINT('',#3774);
#3774 = CARTESIAN_POINT('',(28.,6.,0.));
#3775 = SURFACE_CURVE('',#3776,(#3780,#3787),.PCURVE_S1.);
#3776 = LINE('',#3777,#3778);
#3777 = CARTESIAN_POINT('',(28.,6.,0.));
#3778 = VECTOR('',#3779,1.);
#3779 = DIRECTION('',(0.,0.,1.));
#3780 = PCURVE('',#3720,#3781);
#3781 = DEFINITIONAL_REPRESENTATION('',(#3782),#3786);
#3782 = LINE('',#3783,#3784);
#3783 = CARTESIAN_POINT('',(28.,0.));
#3784 = VECTOR('',#3785,1.);
#3785 = DIRECTION('',(0.,-1.));
#3786 = ( GEOMETRIC_REPRESENTATION_CONTEXT(2) 
PARAMETRIC_REPRESENTATION_CONTEXT() REPRESENTATION_CONTEXT('2D SPACE',''
  ) );
#3787 = PCURVE('',#3788,#3793);
#3788 = CYLINDRICAL_SURFACE('',#3789,6.);
#3789 = AXIS2_PLACEMENT_3D('',#3790,#3791,#3792);
#3790 = CARTESIAN_POINT('',(28.,0.,0.));
#3791 = DIRECTION('',(0.,0.,-1.));
#3792 = DIRECTION('',(0.,1.,0.));
#3793 = DEFINITIONAL_REPRESENTATION('',(#3794),#3798);
#3794 = LINE('',#3795,#3796);
#3795 = CARTESIAN_POINT('',(0.,0.));
#3796 = VECTOR('',#3797,1.);
#3797 = DIRECTION('',(0.,-1.));
#3798 = ( GEOMETRIC_REPRESENTATION_CONTEXT(2) 
PARAMETRIC_REPRESENTATION_CONTEXT() REPRESENTATION_CONTEXT('2D SPACE',''
  ) );
#3799 = ORIENTED_EDGE('',*,*,#3800,.F.);
#3800 = EDGE_CURVE('',#3710,#3773,#3801,.T.);
#3801 = SURFACE_CURVE('',#3802,(#3806,#3813),.PCURVE_S1.);
#3802 = LINE('',#3803,#3804);
#3803 = CARTESIAN_POINT('',(0.,6.,0.));
#3804 = VECTOR('',#3805,1.);
#3805 = DIRECTION('',(1.,0.,0.));
#3806 = PCURVE('',#3720,#3807);
#3807 = DEFINITIONAL_REPRESENTATION('',(#3808),#3812);
#3808 = LINE('',#3809,#3810);
#3809 = CARTESIAN_POINT('',(0.,0.));
#3810 = VECTOR('',#3811,1.);
#3811 = DIRECTION('',(1.,0.));
#3812 = ( GEOMETRIC_REPRESENTATION_CONTEXT(2) 
PARAMETRIC_REPRESENTATION_CONTEXT() REPRESENTATION_CONTEXT('2D SPACE',''
  ) );
#3813 = PCURVE('',#3814,#3819);
#3814 = PLANE('',#3815);
#3815 = AXIS2_PLACEMENT_3D('',#3816,#3817,#3818);
#3816 = CARTESIAN_POINT('',(14.,-3.861645303044E-17,0.));
#3817 = DIRECTION('',(-0.,-0.,-1.));
#3818 = DIRECTION('',(-1.,0.,0.));
#3819 = DEFINITIONAL_REPRESENTATION('',(#3820),#3824);
#3820 = LINE('',#3821,#3822);
#3821 = CARTESIAN_POINT('',(14.,6.));
#3822 = VECTOR('',#3823,1.);
#3823 = DIRECTION('',(-1.,0.));
#3824 = ( GEOMETRIC_REPRESENTATION_CONTEXT(2) 
PARAMETRIC_REPRESENTATION_CONTEXT() REPRESENTATION_CONTEXT('2D SPACE',''
  ) );
#3825 = ADVANCED_FACE('',(#3826),#3732,.T.);
#3826 = FACE_BOUND('',#3827,.T.);
#3827 = EDGE_LOOP('',(#3828,#3858,#3880,#3881));
#3828 = ORIENTED_EDGE('',*,*,#3829,.T.);
#3829 = EDGE_CURVE('',#3830,#3832,#3834,.T.);
#3830 = VERTEX_POINT('',#3831);
#3831 = CARTESIAN_POINT('',(0.,-6.,0.));
#3832 = VERTEX_POINT('',#3833);
#3833 = CARTESIAN_POINT('',(0.,-6.,5.));
#3834 = SURFACE_CURVE('',#3835,(#3839,#3846),.PCURVE_S1.);
#3835 = LINE('',#3836,#3837);
#3836 = CARTESIAN_POINT('',(0.,-6.,0.));
#3837 = VECTOR('',#3838,1.);
#3838 = DIRECTION('',(0.,0.,1.));
#3839 = PCURVE('',#3732,#3840);
#3840 = DEFINITIONAL_REPRESENTATION('',(#3841),#3845);
#3841 = LINE('',#3842,#3843);
#3842 = CARTESIAN_POINT('',(0.,0.));
#3843 = VECTOR('',#3844,1.);
#3844 = DIRECTION('',(0.,-1.));
#3845 = ( GEOMETRIC_REPRESENTATION_CONTEXT(2) 
PARAMETRIC_REPRESENTATION_CONTEXT() REPRESENTATION_CONTEXT('2D SPACE',''
  ) );
#3846 = PCURVE('',#3847,#3852);
#3847 = PLANE('',#3848);
#3848 = AXIS2_PLACEMENT_3D('',#3849,#3850,#3851);
#3849 = CARTESIAN_POINT('',(28.,-6.,0.));
#3850 = DIRECTION('',(0.,-1.,0.));
#3851 = DIRECTION('',(-1.,0.,0.));
#3852 = DEFINITIONAL_REPRESENTATION('',(#3853),#3857);
#3853 = LINE('',#3854,#3855);
#3854 = CARTESIAN_POINT('',(28.,0.));
#3855 = VECTOR('',#3856,1.);
#3856 = DIRECTION('',(0.,-1.));
#3857 = ( GEOMETRIC_REPRESENTATION_CONTEXT(2) 
PARAMETRIC_REPRESENTATION_CONTEXT() REPRESENTATION_CONTEXT('2D SPACE',''
  ) );
#3858 = ORIENTED_EDGE('',*,*,#3859,.T.);
#3859 = EDGE_CURVE('',#3832,#3712,#3860,.T.);
#3860 = SURFACE_CURVE('',#3861,(#3866,#3873),.PCURVE_S1.);
#3861 = CIRCLE('',#3862,6.);
#3862 = AXIS2_PLACEMENT_3D('',#3863,#3864,#3865);
#3863 = CARTESIAN_POINT('',(0.,0.,5.));
#3864 = DIRECTION('',(0.,-0.,-1.));
#3865 = DIRECTION('',(0.,-1.,0.));
#3866 = PCURVE('',#3732,#3867);
#3867 = DEFINITIONAL_REPRESENTATION('',(#3868),#3872);
#3868 = LINE('',#3869,#3870);
#3869 = CARTESIAN_POINT('',(0.,-5.));
#3870 = VECTOR('',#3871,1.);
#3871 = DIRECTION('',(1.,0.));
#3872 = ( GEOMETRIC_REPRESENTATION_CONTEXT(2) 
PARAMETRIC_REPRESENTATION_CONTEXT() REPRESENTATION_CONTEXT('2D SPACE',''
  ) );
#3873 = PCURVE('',#3760,#3874);
#3874 = DEFINITIONAL_REPRESENTATION('',(#3875),#3879);
#3875 = CIRCLE('',#3876,6.);
#3876 = AXIS2_PLACEMENT_2D('',#3877,#3878);
#3877 = CARTESIAN_POINT('',(14.,3.861645303044E-17));
#3878 = DIRECTION('',(0.,-1.));
#3879 = ( GEOMETRIC_REPRESENTATION_CONTEXT(2) 
PARAMETRIC_REPRESENTATION_CONTEXT() REPRESENTATION_CONTEXT('2D SPACE',''
  ) );
#3880 = ORIENTED_EDGE('',*,*,#3709,.F.);
#3881 = ORIENTED_EDGE('',*,*,#3882,.F.);
#3882 = EDGE_CURVE('',#3830,#3710,#3883,.T.);
#3883 = SURFACE_CURVE('',#3884,(#3889,#3896),.PCURVE_S1.);
#3884 = CIRCLE('',#3885,6.);
#3885 = AXIS2_PLACEMENT_3D('',#3886,#3887,#3888);
#3886 = CARTESIAN_POINT('',(0.,0.,0.));
#3887 = DIRECTION('',(0.,-0.,-1.));
#3888 = DIRECTION('',(0.,-1.,0.));
#3889 = PCURVE('',#3732,#3890);
#3890 = DEFINITIONAL_REPRESENTATION('',(#3891),#3895);
#3891 = LINE('',#3892,#3893);
#3892 = CARTESIAN_POINT('',(0.,0.));
#3893 = VECTOR('',#3894,1.);
#3894 = DIRECTION('',(1.,0.));
#3895 = ( GEOMETRIC_REPRESENTATION_CONTEXT(2) 
PARAMETRIC_REPRESENTATION_CONTEXT() REPRESENTATION_CONTEXT('2D SPACE',''
  ) );
#3896 = PCURVE('',#3814,#3897);
#3897 = DEFINITIONAL_REPRESENTATION('',(#3898),#3902);
#3898 = CIRCLE('',#3899,6.);
#3899 = AXIS2_PLACEMENT_2D('',#3900,#3901);
#3900 = CARTESIAN_POINT('',(14.,3.861645303044E-17));
#3901 = DIRECTION('',(0.,-1.));
#3902 = ( GEOMETRIC_REPRESENTATION_CONTEXT(2) 
PARAMETRIC_REPRESENTATION_CONTEXT() REPRESENTATION_CONTEXT('2D SPACE',''
  ) );
#3903 = ADVANCED_FACE('',(#3904),#3788,.T.);
#3904 = FACE_BOUND('',#3905,.T.);
#3905 = EDGE_LOOP('',(#3906,#3907,#3931,#3954));
#3906 = ORIENTED_EDGE('',*,*,#3772,.T.);
#3907 = ORIENTED_EDGE('',*,*,#3908,.T.);
#3908 = EDGE_CURVE('',#3745,#3909,#3911,.T.);
#3909 = VERTEX_POINT('',#3910);
#3910 = CARTESIAN_POINT('',(28.,-6.,5.));
#3911 = SURFACE_CURVE('',#3912,(#3917,#3924),.PCURVE_S1.);
#3912 = CIRCLE('',#3913,6.);
#3913 = AXIS2_PLACEMENT_3D('',#3914,#3915,#3916);
#3914 = CARTESIAN_POINT('',(28.,0.,5.));
#3915 = DIRECTION('',(0.,0.,-1.));
#3916 = DIRECTION('',(0.,1.,0.));
#3917 = PCURVE('',#3788,#3918);
#3918 = DEFINITIONAL_REPRESENTATION('',(#3919),#3923);
#3919 = LINE('',#3920,#3921);
#3920 = CARTESIAN_POINT('',(0.,-5.));
#3921 = VECTOR('',#3922,1.);
#3922 = DIRECTION('',(1.,0.));
#3923 = ( GEOMETRIC_REPRESENTATION_CONTEXT(2) 
PARAMETRIC_REPRESENTATION_CONTEXT() REPRESENTATION_CONTEXT('2D SPACE',''
  ) );
#3924 = PCURVE('',#3760,#3925);
#3925 = DEFINITIONAL_REPRESENTATION('',(#3926),#3930);
#3926 = CIRCLE('',#3927,6.);
#3927 = AXIS2_PLACEMENT_2D('',#3928,#3929);
#3928 = CARTESIAN_POINT('',(-14.,3.861645303044E-17));
#3929 = DIRECTION('',(0.,1.));
#3930 = ( GEOMETRIC_REPRESENTATION_CONTEXT(2) 
PARAMETRIC_REPRESENTATION_CONTEXT() REPRESENTATION_CONTEXT('2D SPACE',''
  ) );
#3931 = ORIENTED_EDGE('',*,*,#3932,.F.);
#3932 = EDGE_CURVE('',#3933,#3909,#3935,.T.);
#3933 = VERTEX_POINT('',#3934);
#3934 = CARTESIAN_POINT('',(28.,-6.,0.));
#3935 = SURFACE_CURVE('',#3936,(#3940,#3947),.PCURVE_S1.);
#3936 = LINE('',#3937,#3938);
#3937 = CARTESIAN_POINT('',(28.,-6.,0.));
#3938 = VECTOR('',#3939,1.);
#3939 = DIRECTION('',(0.,0.,1.));
#3940 = PCURVE('',#3788,#3941);
#3941 = DEFINITIONAL_REPRESENTATION('',(#3942),#3946);
#3942 = LINE('',#3943,#3944);
#3943 = CARTESIAN_POINT('',(3.14159265359,0.));
#3944 = VECTOR('',#3945,1.);
#3945 = DIRECTION('',(0.,-1.));
#3946 = ( GEOMETRIC_REPRESENTATION_CONTEXT(2) 
PARAMETRIC_REPRESENTATION_CONTEXT() REPRESENTATION_CONTEXT('2D SPACE',''
  ) );
#3947 = PCURVE('',#3847,#3948);
#3948 = DEFINITIONAL_REPRESENTATION('',(#3949),#3953);
#3949 = LINE('',#3950,#3951);
#3950 = CARTESIAN_POINT('',(0.,-0.));
#3951 = VECTOR('',#3952,1.);
#3952 = DIRECTION('',(0.,-1.));
#3953 = ( GEOMETRIC_REPRESENTATION_CONTEXT(2) 
PARAMETRIC_REPRESENTATION_CONTEXT() REPRESENTATION_CONTEXT('2D SPACE',''
  ) );
#3954 = ORIENTED_EDGE('',*,*,#3955,.F.);
#3955 = EDGE_CURVE('',#3773,#3933,#3956,.T.);
#3956 = SURFACE_CURVE('',#3957,(#3962,#3969),.PCURVE_S1.);
#3957 = CIRCLE('',#3958,6.);
#3958 = AXIS2_PLACEMENT_3D('',#3959,#3960,#3961);
#3959 = CARTESIAN_POINT('',(28.,0.,0.));
#3960 = DIRECTION('',(0.,0.,-1.));
#3961 = DIRECTION('',(0.,1.,0.));
#3962 = PCURVE('',#3788,#3963);
#3963 = DEFINITIONAL_REPRESENTATION('',(#3964),#3968);
#3964 = LINE('',#3965,#3966);
#3965 = CARTESIAN_POINT('',(0.,0.));
#3966 = VECTOR('',#3967,1.);
#3967 = DIRECTION('',(1.,0.));
#3968 = ( GEOMETRIC_REPRESENTATION_CONTEXT(2) 
PARAMETRIC_REPRESENTATION_CONTEXT() REPRESENTATION_CONTEXT('2D SPACE',''
  ) );
#3969 = PCURVE('',#3814,#3970);
#3970 = DEFINITIONAL_REPRESENTATION('',(#3971),#3975);
#3971 = CIRCLE('',#3972,6.);
#3972 = AXIS2_PLACEMENT_2D('',#3973,#3974);
#3973 = CARTESIAN_POINT('',(-14.,3.861645303044E-17));
#3974 = DIRECTION('',(0.,1.));
#3975 = ( GEOMETRIC_REPRESENTATION_CONTEXT(2) 
PARAMETRIC_REPRESENTATION_CONTEXT() REPRESENTATION_CONTEXT('2D SPACE',''
  ) );
#3976 = ADVANCED_FACE('',(#3977,#4003),#3814,.T.);
#3977 = FACE_BOUND('',#3978,.T.);
#3978 = EDGE_LOOP('',(#3979,#3980,#3981,#4002));
#3979 = ORIENTED_EDGE('',*,*,#3800,.T.);
#3980 = ORIENTED_EDGE('',*,*,#3955,.T.);
#3981 = ORIENTED_EDGE('',*,*,#3982,.T.);
#3982 = EDGE_CURVE('',#3933,#3830,#3983,.T.);
#3983 = SURFACE_CURVE('',#3984,(#3988,#3995),.PCURVE_S1.);
#3984 = LINE('',#3985,#3986);
#3985 = CARTESIAN_POINT('',(28.,-6.,0.));
#3986 = VECTOR('',#3987,1.);
#3987 = DIRECTION('',(-1.,0.,0.));
#3988 = PCURVE('',#3814,#3989);
#3989 = DEFINITIONAL_REPRESENTATION('',(#3990),#3994);
#3990 = LINE('',#3991,#3992);
#3991 = CARTESIAN_POINT('',(-14.,-6.));
#3992 = VECTOR('',#3993,1.);
#3993 = DIRECTION('',(1.,0.));
#3994 = ( GEOMETRIC_REPRESENTATION_CONTEXT(2) 
PARAMETRIC_REPRESENTATION_CONTEXT() REPRESENTATION_CONTEXT('2D SPACE',''
  ) );
#3995 = PCURVE('',#3847,#3996);
#3996 = DEFINITIONAL_REPRESENTATION('',(#3997),#4001);
#3997 = LINE('',#3998,#3999);
#3998 = CARTESIAN_POINT('',(0.,-0.));
#3999 = VECTOR('',#4000,1.);
#4000 = DIRECTION('',(1.,0.));
#4001 = ( GEOMETRIC_REPRESENTATION_CONTEXT(2) 
PARAMETRIC_REPRESENTATION_CONTEXT() REPRESENTATION_CONTEXT('2D SPACE',''
  ) );
#4002 = ORIENTED_EDGE('',*,*,#3882,.T.);
#4003 = FACE_BOUND('',#4004,.T.);
#4004 = EDGE_LOOP('',(#4005));
#4005 = ORIENTED_EDGE('',*,*,#4006,.T.);
#4006 = EDGE_CURVE('',#4007,#4007,#4009,.T.);
#4007 = VERTEX_POINT('',#4008);
#4008 = CARTESIAN_POINT('',(3.1,0.,0.));
#4009 = SURFACE_CURVE('',#4010,(#4015,#4026),.PCURVE_S1.);
#4010 = CIRCLE('',#4011,3.1);
#4011 = AXIS2_PLACEMENT_3D('',#4012,#4013,#4014);
#4012 = CARTESIAN_POINT('',(0.,0.,0.));
#4013 = DIRECTION('',(0.,0.,1.));
#4014 = DIRECTION('',(1.,0.,0.));
#4015 = PCURVE('',#3814,#4016);
#4016 = DEFINITIONAL_REPRESENTATION('',(#4017),#4025);
#4017 = ( BOUNDED_CURVE() B_SPLINE_CURVE(2,(#4018,#4019,#4020,#4021,
#4022,#4023,#4024),.UNSPECIFIED.,.T.,.F.) B_SPLINE_CURVE_WITH_KNOTS((1,2
    ,2,2,2,1),(-2.094395102393,0.,2.094395102393,4.188790204786,
6.28318530718,8.377580409573),.UNSPECIFIED.) CURVE() 
GEOMETRIC_REPRESENTATION_ITEM() RATIONAL_B_SPLINE_CURVE((1.,0.5,1.,0.5,
1.,0.5,1.)) REPRESENTATION_ITEM('') );
#4018 = CARTESIAN_POINT('',(10.9,3.861645303044E-17));
#4019 = CARTESIAN_POINT('',(10.9,5.369357503464));
#4020 = CARTESIAN_POINT('',(15.55,2.684678751732));
#4021 = CARTESIAN_POINT('',(20.2,7.978974685018E-16));
#4022 = CARTESIAN_POINT('',(15.55,-2.684678751732));
#4023 = CARTESIAN_POINT('',(10.9,-5.369357503464));
#4024 = CARTESIAN_POINT('',(10.9,3.861645303044E-17));
#4025 = ( GEOMETRIC_REPRESENTATION_CONTEXT(2) 
PARAMETRIC_REPRESENTATION_CONTEXT() REPRESENTATION_CONTEXT('2D SPACE',''
  ) );
#4026 = PCURVE('',#4027,#4032);
#4027 = CYLINDRICAL_SURFACE('',#4028,3.1);
#4028 = AXIS2_PLACEMENT_3D('',#4029,#4030,#4031);
#4029 = CARTESIAN_POINT('',(0.,0.,0.));
#4030 = DIRECTION('',(-0.,-0.,-1.));
#4031 = DIRECTION('',(1.,0.,0.));
#4032 = DEFINITIONAL_REPRESENTATION('',(#4033),#4037);
#4033 = LINE('',#4034,#4035);
#4034 = CARTESIAN_POINT('',(-0.,0.));
#4035 = VECTOR('',#4036,1.);
#4036 = DIRECTION('',(-1.,0.));
#4037 = ( GEOMETRIC_REPRESENTATION_CONTEXT(2) 
PARAMETRIC_REPRESENTATION_CONTEXT() REPRESENTATION_CONTEXT('2D SPACE',''
  ) );
#4038 = ADVANCED_FACE('',(#4039,#4065,#4100),#3760,.F.);
#4039 = FACE_BOUND('',#4040,.F.);
#4040 = EDGE_LOOP('',(#4041,#4042,#4043,#4064));
#4041 = ORIENTED_EDGE('',*,*,#3744,.T.);
#4042 = ORIENTED_EDGE('',*,*,#3908,.T.);
#4043 = ORIENTED_EDGE('',*,*,#4044,.T.);
#4044 = EDGE_CURVE('',#3909,#3832,#4045,.T.);
#4045 = SURFACE_CURVE('',#4046,(#4050,#4057),.PCURVE_S1.);
#4046 = LINE('',#4047,#4048);
#4047 = CARTESIAN_POINT('',(28.,-6.,5.));
#4048 = VECTOR('',#4049,1.);
#4049 = DIRECTION('',(-1.,0.,0.));
#4050 = PCURVE('',#3760,#4051);
#4051 = DEFINITIONAL_REPRESENTATION('',(#4052),#4056);
#4052 = LINE('',#4053,#4054);
#4053 = CARTESIAN_POINT('',(-14.,-6.));
#4054 = VECTOR('',#4055,1.);
#4055 = DIRECTION('',(1.,0.));
#4056 = ( GEOMETRIC_REPRESENTATION_CONTEXT(2) 
PARAMETRIC_REPRESENTATION_CONTEXT() REPRESENTATION_CONTEXT('2D SPACE',''
  ) );
#4057 = PCURVE('',#3847,#4058);
#4058 = DEFINITIONAL_REPRESENTATION('',(#4059),#4063);
#4059 = LINE('',#4060,#4061);
#4060 = CARTESIAN_POINT('',(0.,-5.));
#4061 = VECTOR('',#4062,1.);
#4062 = DIRECTION('',(1.,0.));
#4063 = ( GEOMETRIC_REPRESENTATION_CONTEXT(2) 
PARAMETRIC_REPRESENTATION_CONTEXT() REPRESENTATION_CONTEXT('2D SPACE',''
  ) );
#4064 = ORIENTED_EDGE('',*,*,#3859,.T.);
#4065 = FACE_BOUND('',#4066,.F.);
#4066 = EDGE_LOOP('',(#4067));
#4067 = ORIENTED_EDGE('',*,*,#4068,.T.);
#4068 = EDGE_CURVE('',#4069,#4069,#4071,.T.);
#4069 = VERTEX_POINT('',#4070);
#4070 = CARTESIAN_POINT('',(29.25,0.,5.));
#4071 = SURFACE_CURVE('',#4072,(#4077,#4088),.PCURVE_S1.);
#4072 = CIRCLE('',#4073,1.25);
#4073 = AXIS2_PLACEMENT_3D('',#4074,#4075,#4076);
#4074 = CARTESIAN_POINT('',(28.,0.,5.));
#4075 = DIRECTION('',(0.,0.,1.));
#4076 = DIRECTION('',(1.,0.,0.));
#4077 = PCURVE('',#3760,#4078);
#4078 = DEFINITIONAL_REPRESENTATION('',(#4079),#4087);
#4079 = ( BOUNDED_CURVE() B_SPLINE_CURVE(2,(#4080,#4081,#4082,#4083,
#4084,#4085,#4086),.UNSPECIFIED.,.T.,.F.) B_SPLINE_CURVE_WITH_KNOTS((1,2
    ,2,2,2,1),(-2.094395102393,0.,2.094395102393,4.188790204786,
6.28318530718,8.377580409573),.UNSPECIFIED.) CURVE() 
GEOMETRIC_REPRESENTATION_ITEM() RATIONAL_B_SPLINE_CURVE((1.,0.5,1.,0.5,
1.,0.5,1.)) REPRESENTATION_ITEM('') );
#4080 = CARTESIAN_POINT('',(-15.25,3.861645303044E-17));
#4081 = CARTESIAN_POINT('',(-15.25,2.165063509461));
#4082 = CARTESIAN_POINT('',(-13.375,1.082531754731));
#4083 = CARTESIAN_POINT('',(-11.5,3.447781528173E-16));
#4084 = CARTESIAN_POINT('',(-13.375,-1.082531754731));
#4085 = CARTESIAN_POINT('',(-15.25,-2.165063509461));
#4086 = CARTESIAN_POINT('',(-15.25,3.861645303044E-17));
#4087 = ( GEOMETRIC_REPRESENTATION_CONTEXT(2) 
PARAMETRIC_REPRESENTATION_CONTEXT() REPRESENTATION_CONTEXT('2D SPACE',''
  ) );
#4088 = PCURVE('',#4089,#4094);
#4089 = CYLINDRICAL_SURFACE('',#4090,1.25);
#4090 = AXIS2_PLACEMENT_3D('',#4091,#4092,#4093);
#4091 = CARTESIAN_POINT('',(28.,0.,5.));
#4092 = DIRECTION('',(-0.,-0.,-1.));
#4093 = DIRECTION('',(1.,0.,0.));
#4094 = DEFINITIONAL_REPRESENTATION('',(#4095),#4099);
#4095 = LINE('',#4096,#4097);
#4096 = CARTESIAN_POINT('',(-0.,0.));
#4097 = VECTOR('',#4098,1.);
#4098 = DIRECTION('',(-1.,0.));
#4099 = ( GEOMETRIC_REPRESENTATION_CONTEXT(2) 
PARAMETRIC_REPRESENTATION_CONTEXT() REPRESENTATION_CONTEXT('2D SPACE',''
  ) );
#4100 = FACE_BOUND('',#4101,.F.);
#4101 = EDGE_LOOP('',(#4102));
#4102 = ORIENTED_EDGE('',*,*,#4103,.T.);
#4103 = EDGE_CURVE('',#4104,#4104,#4106,.T.);
#4104 = VERTEX_POINT('',#4105);
#4105 = CARTESIAN_POINT('',(3.1,0.,5.));
#4106 = SURFACE_CURVE('',#4107,(#4112,#4123),.PCURVE_S1.);
#4107 = CIRCLE('',#4108,3.1);
#4108 = AXIS2_PLACEMENT_3D('',#4109,#4110,#4111);
#4109 = CARTESIAN_POINT('',(0.,0.,5.));
#4110 = DIRECTION('',(0.,0.,1.));
#4111 = DIRECTION('',(1.,0.,0.));
#4112 = PCURVE('',#3760,#4113);
#4113 = DEFINITIONAL_REPRESENTATION('',(#4114),#4122);
#4114 = ( BOUNDED_CURVE() B_SPLINE_CURVE(2,(#4115,#4116,#4117,#4118,
#4119,#4120,#4121),.UNSPECIFIED.,.T.,.F.) B_SPLINE_CURVE_WITH_KNOTS((1,2
    ,2,2,2,1),(-2.094395102393,0.,2.094395102393,4.188790204786,
6.28318530718,8.377580409573),.UNSPECIFIED.) CURVE() 
GEOMETRIC_REPRESENTATION_ITEM() RATIONAL_B_SPLINE_CURVE((1.,0.5,1.,0.5,
1.,0.5,1.)) REPRESENTATION_ITEM('') );
#4115 = CARTESIAN_POINT('',(10.9,3.861645303044E-17));
#4116 = CARTESIAN_POINT('',(10.9,5.369357503464));
#4117 = CARTESIAN_POINT('',(15.55,2.684678751732));
#4118 = CARTESIAN_POINT('',(20.2,7.978974685018E-16));
#4119 = CARTESIAN_POINT('',(15.55,-2.684678751732));
#4120 = CARTESIAN_POINT('',(10.9,-5.369357503464));
#4121 = CARTESIAN_POINT('',(10.9,3.861645303044E-17));
#4122 = ( GEOMETRIC_REPRESENTATION_CONTEXT(2) 
PARAMETRIC_REPRESENTATION_CONTEXT() REPRESENTATION_CONTEXT('2D SPACE',''
  ) );
#4123 = PCURVE('',#4027,#4124);
#4124 = DEFINITIONAL_REPRESENTATION('',(#4125),#4129);
#4125 = LINE('',#4126,#4127);
#4126 = CARTESIAN_POINT('',(-0.,-5.));
#4127 = VECTOR('',#4128,1.);
#4128 = DIRECTION('',(-1.,0.));
#4129 = ( GEOMETRIC_REPRESENTATION_CONTEXT(2) 
PARAMETRIC_REPRESENTATION_CONTEXT() REPRESENTATION_CONTEXT('2D SPACE',''
  ) );
#4130 = ADVANCED_FACE('',(#4131),#3847,.T.);
#4131 = FACE_BOUND('',#4132,.T.);
#4132 = EDGE_LOOP('',(#4133,#4134,#4135,#4136));
#4133 = ORIENTED_EDGE('',*,*,#3932,.T.);
#4134 = ORIENTED_EDGE('',*,*,#4044,.T.);
#4135 = ORIENTED_EDGE('',*,*,#3829,.F.);
#4136 = ORIENTED_EDGE('',*,*,#3982,.F.);
#4137 = ADVANCED_FACE('',(#4138),#4027,.F.);
#4138 = FACE_BOUND('',#4139,.T.);
#4139 = EDGE_LOOP('',(#4140,#4161,#4162,#4163));
#4140 = ORIENTED_EDGE('',*,*,#4141,.T.);
#4141 = EDGE_CURVE('',#4007,#4104,#4142,.T.);
#4142 = SEAM_CURVE('',#4143,(#4147,#4154),.PCURVE_S1.);
#4143 = LINE('',#4144,#4145);
#4144 = CARTESIAN_POINT('',(3.1,0.,0.));
#4145 = VECTOR('',#4146,1.);
#4146 = DIRECTION('',(0.,0.,1.));
#4147 = PCURVE('',#4027,#4148);
#4148 = DEFINITIONAL_REPRESENTATION('',(#4149),#4153);
#4149 = LINE('',#4150,#4151);
#4150 = CARTESIAN_POINT('',(-0.,0.));
#4151 = VECTOR('',#4152,1.);
#4152 = DIRECTION('',(-0.,-1.));
#4153 = ( GEOMETRIC_REPRESENTATION_CONTEXT(2) 
PARAMETRIC_REPRESENTATION_CONTEXT() REPRESENTATION_CONTEXT('2D SPACE',''
  ) );
#4154 = PCURVE('',#4027,#4155);
#4155 = DEFINITIONAL_REPRESENTATION('',(#4156),#4160);
#4156 = LINE('',#4157,#4158);
#4157 = CARTESIAN_POINT('',(-6.28318530718,0.));
#4158 = VECTOR('',#4159,1.);
#4159 = DIRECTION('',(-0.,-1.));
#4160 = ( GEOMETRIC_REPRESENTATION_CONTEXT(2) 
PARAMETRIC_REPRESENTATION_CONTEXT() REPRESENTATION_CONTEXT('2D SPACE',''
  ) );
#4161 = ORIENTED_EDGE('',*,*,#4103,.T.);
#4162 = ORIENTED_EDGE('',*,*,#4141,.F.);
#4163 = ORIENTED_EDGE('',*,*,#4006,.F.);
#4164 = ADVANCED_FACE('',(#4165),#4089,.T.);
#4165 = FACE_BOUND('',#4166,.F.);
#4166 = EDGE_LOOP('',(#4167,#4190,#4217,#4218));
#4167 = ORIENTED_EDGE('',*,*,#4168,.T.);
#4168 = EDGE_CURVE('',#4069,#4169,#4171,.T.);
#4169 = VERTEX_POINT('',#4170);
#4170 = CARTESIAN_POINT('',(29.25,0.,25.));
#4171 = SEAM_CURVE('',#4172,(#4176,#4183),.PCURVE_S1.);
#4172 = LINE('',#4173,#4174);
#4173 = CARTESIAN_POINT('',(29.25,0.,5.));
#4174 = VECTOR('',#4175,1.);
#4175 = DIRECTION('',(0.,0.,1.));
#4176 = PCURVE('',#4089,#4177);
#4177 = DEFINITIONAL_REPRESENTATION('',(#4178),#4182);
#4178 = LINE('',#4179,#4180);
#4179 = CARTESIAN_POINT('',(-0.,0.));
#4180 = VECTOR('',#4181,1.);
#4181 = DIRECTION('',(-0.,-1.));
#4182 = ( GEOMETRIC_REPRESENTATION_CONTEXT(2) 
PARAMETRIC_REPRESENTATION_CONTEXT() REPRESENTATION_CONTEXT('2D SPACE',''
  ) );
#4183 = PCURVE('',#4089,#4184);
#4184 = DEFINITIONAL_REPRESENTATION('',(#4185),#4189);
#4185 = LINE('',#4186,#4187);
#4186 = CARTESIAN_POINT('',(-6.28318530718,0.));
#4187 = VECTOR('',#4188,1.);
#4188 = DIRECTION('',(-0.,-1.));
#4189 = ( GEOMETRIC_REPRESENTATION_CONTEXT(2) 
PARAMETRIC_REPRESENTATION_CONTEXT() REPRESENTATION_CONTEXT('2D SPACE',''
  ) );
#4190 = ORIENTED_EDGE('',*,*,#4191,.T.);
#4191 = EDGE_CURVE('',#4169,#4169,#4192,.T.);
#4192 = SURFACE_CURVE('',#4193,(#4198,#4205),.PCURVE_S1.);
#4193 = CIRCLE('',#4194,1.25);
#4194 = AXIS2_PLACEMENT_3D('',#4195,#4196,#4197);
#4195 = CARTESIAN_POINT('',(28.,0.,25.));
#4196 = DIRECTION('',(0.,0.,1.));
#4197 = DIRECTION('',(1.,0.,0.));
#4198 = PCURVE('',#4089,#4199);
#4199 = DEFINITIONAL_REPRESENTATION('',(#4200),#4204);
#4200 = LINE('',#4201,#4202);
#4201 = CARTESIAN_POINT('',(-0.,-20.));
#4202 = VECTOR('',#4203,1.);
#4203 = DIRECTION('',(-1.,0.));
#4204 = ( GEOMETRIC_REPRESENTATION_CONTEXT(2) 
PARAMETRIC_REPRESENTATION_CONTEXT() REPRESENTATION_CONTEXT('2D SPACE',''
  ) );
#4205 = PCURVE('',#4206,#4211);
#4206 = PLANE('',#4207);
#4207 = AXIS2_PLACEMENT_3D('',#4208,#4209,#4210);
#4208 = CARTESIAN_POINT('',(28.,8.571706328947E-17,25.));
#4209 = DIRECTION('',(0.,0.,1.));
#4210 = DIRECTION('',(1.,0.,-0.));
#4211 = DEFINITIONAL_REPRESENTATION('',(#4212),#4216);
#4212 = CIRCLE('',#4213,1.25);
#4213 = AXIS2_PLACEMENT_2D('',#4214,#4215);
#4214 = CARTESIAN_POINT('',(3.552713678801E-15,-8.571706328947E-17));
#4215 = DIRECTION('',(1.,0.));
#4216 = ( GEOMETRIC_REPRESENTATION_CONTEXT(2) 
PARAMETRIC_REPRESENTATION_CONTEXT() REPRESENTATION_CONTEXT('2D SPACE',''
  ) );
#4217 = ORIENTED_EDGE('',*,*,#4168,.F.);
#4218 = ORIENTED_EDGE('',*,*,#4068,.F.);
#4219 = ADVANCED_FACE('',(#4220),#4206,.T.);
#4220 = FACE_BOUND('',#4221,.T.);
#4221 = EDGE_LOOP('',(#4222));
#4222 = ORIENTED_EDGE('',*,*,#4191,.T.);
#4223 = ( GEOMETRIC_REPRESENTATION_CONTEXT(3) 
GLOBAL_UNCERTAINTY_ASSIGNED_CONTEXT((#4227)) 
GLOBAL_UNIT_ASSIGNED_CONTEXT((#4224,#4225,#4226)) REPRESENTATION_CONTEXT
('Context #1','3D Context with UNIT and UNCERTAINTY') );
#4224 = ( LENGTH_UNIT() NAMED_UNIT(*) SI_UNIT(.MILLI.,.METRE.) );
#4225 = ( NAMED_UNIT(*) PLANE_ANGLE_UNIT() SI_UNIT($,.RADIAN.) );
#4226 = ( NAMED_UNIT(*) SI_UNIT($,.STERADIAN.) SOLID_ANGLE_UNIT() );
#4227 = UNCERTAINTY_MEASURE_WITH_UNIT(LENGTH_MEASURE(1.E-07),#4224,
  'distance_accuracy_value','confusion accuracy');
#4228 = CONTEXT_DEPENDENT_SHAPE_REPRESENTATION(#4229,#4231);
#4229 = ( REPRESENTATION_RELATIONSHIP('','',#3702,#10) 
REPRESENTATION_RELATIONSHIP_WITH_TRANSFORMATION(#4230) 
SHAPE_REPRESENTATION_RELATIONSHIP() );
#4230 = ITEM_DEFINED_TRANSFORMATION('','',#11,#23);
#4231 = PRODUCT_DEFINITION_SHAPE('Placement','Placement of an item',
  #4232);
#4232 = NEXT_ASSEMBLY_USAGE_OCCURRENCE('3','Crank','',#5,#3697,$);
#4233 = PRODUCT_RELATED_PRODUCT_CATEGORY('part',$,(#3699));
#4234 = SHAPE_DEFINITION_REPRESENTATION(#4235,#4241);
#4235 = PRODUCT_DEFINITION_SHAPE('','',#4236);
#4236 = PRODUCT_DEFINITION('design','',#4237,#4240);
#4237 = PRODUCT_DEFINITION_FORMATION('','',#4238);
#4238 = PRODUCT('Axle','Axle','',(#4239));
#4239 = PRODUCT_CONTEXT('',#2,'mechanical');
#4240 = PRODUCT_DEFINITION_CONTEXT('part definition',#2,'design');
#4241 = ADVANCED_BREP_SHAPE_REPRESENTATION('',(#11,#4242),#4414);
#4242 = MANIFOLD_SOLID_BREP('',#4243);
#4243 = CLOSED_SHELL('',(#4244,#4361,#4384,#4409));
#4244 = ADVANCED_FACE('',(#4245),#4260,.T.);
#4245 = FACE_BOUND('',#4246,.F.);
#4246 = EDGE_LOOP('',(#4247,#4283,#4309,#4342));
#4247 = ORIENTED_EDGE('',*,*,#4248,.F.);
#4248 = EDGE_CURVE('',#4249,#4251,#4253,.T.);
#4249 = VERTEX_POINT('',#4250);
#4250 = CARTESIAN_POINT('',(-25.,2.2360679775,-8.881784197001E-16));
#4251 = VERTEX_POINT('',#4252);
#4252 = CARTESIAN_POINT('',(-25.,-2.2360679775,0.));
#4253 = SURFACE_CURVE('',#4254,(#4259,#4271),.PCURVE_S1.);
#4254 = CIRCLE('',#4255,3.);
#4255 = AXIS2_PLACEMENT_3D('',#4256,#4257,#4258);
#4256 = CARTESIAN_POINT('',(-25.,0.,2.));
#4257 = DIRECTION('',(1.,0.,0.));
#4258 = DIRECTION('',(0.,0.7453559925,-0.666666666667));
#4259 = PCURVE('',#4260,#4265);
#4260 = CYLINDRICAL_SURFACE('',#4261,3.);
#4261 = AXIS2_PLACEMENT_3D('',#4262,#4263,#4264);
#4262 = CARTESIAN_POINT('',(-25.,0.,2.));
#4263 = DIRECTION('',(-1.,-0.,-0.));
#4264 = DIRECTION('',(0.,1.,0.));
#4265 = DEFINITIONAL_REPRESENTATION('',(#4266),#4270);
#4266 = LINE('',#4267,#4268);
#4267 = CARTESIAN_POINT('',(-5.553457650953,0.));
#4268 = VECTOR('',#4269,1.);
#4269 = DIRECTION('',(-1.,0.));
#4270 = ( GEOMETRIC_REPRESENTATION_CONTEXT(2) 
PARAMETRIC_REPRESENTATION_CONTEXT() REPRESENTATION_CONTEXT('2D SPACE',''
  ) );
#4271 = PCURVE('',#4272,#4277);
#4272 = PLANE('',#4273);
#4273 = AXIS2_PLACEMENT_3D('',#4274,#4275,#4276);
#4274 = CARTESIAN_POINT('',(-25.,-1.709300165674E-16,2.));
#4275 = DIRECTION('',(1.,0.,0.));
#4276 = DIRECTION('',(-0.,0.,1.));
#4277 = DEFINITIONAL_REPRESENTATION('',(#4278),#4282);
#4278 = CIRCLE('',#4279,3.);
#4279 = AXIS2_PLACEMENT_2D('',#4280,#4281);
#4280 = CARTESIAN_POINT('',(-4.440892098501E-16,-1.709300165674E-16));
#4281 = DIRECTION('',(-0.666666666667,-0.7453559925));
#4282 = ( GEOMETRIC_REPRESENTATION_CONTEXT(2) 
PARAMETRIC_REPRESENTATION_CONTEXT() REPRESENTATION_CONTEXT('2D SPACE',''
  ) );
#4283 = ORIENTED_EDGE('',*,*,#4284,.F.);
#4284 = EDGE_CURVE('',#4285,#4249,#4287,.T.);
#4285 = VERTEX_POINT('',#4286);
#4286 = CARTESIAN_POINT('',(25.,2.2360679775,-8.881784197001E-16));
#4287 = SURFACE_CURVE('',#4288,(#4292,#4298),.PCURVE_S1.);
#4288 = LINE('',#4289,#4290);
#4289 = CARTESIAN_POINT('',(-25.,2.2360679775,0.));
#4290 = VECTOR('',#4291,1.);
#4291 = DIRECTION('',(-1.,-0.,-0.));
#4292 = PCURVE('',#4260,#4293);
#4293 = DEFINITIONAL_REPRESENTATION('',(#4294),#4297);
#4294 = B_SPLINE_CURVE_WITH_KNOTS('',1,(#4295,#4296),.UNSPECIFIED.,.F.,
  .F.,(2,2),(-50.,0.),.PIECEWISE_BEZIER_KNOTS.);
#4295 = CARTESIAN_POINT('',(-5.553457650953,-50.));
#4296 = CARTESIAN_POINT('',(-5.553457650953,0.));
#4297 = ( GEOMETRIC_REPRESENTATION_CONTEXT(2) 
PARAMETRIC_REPRESENTATION_CONTEXT() REPRESENTATION_CONTEXT('2D SPACE',''
  ) );
#4298 = PCURVE('',#4299,#4304);
#4299 = PLANE('',#4300);
#4300 = AXIS2_PLACEMENT_3D('',#4301,#4302,#4303);
#4301 = CARTESIAN_POINT('',(-30.,-5.,0.));
#4302 = DIRECTION('',(0.,0.,1.));
#4303 = DIRECTION('',(1.,0.,0.));
#4304 = DEFINITIONAL_REPRESENTATION('',(#4305),#4308);
#4305 = B_SPLINE_CURVE_WITH_KNOTS('',1,(#4306,#4307),.UNSPECIFIED.,.F.,
  .F.,(2,2),(-50.0000006,5.999999999062E-07),.PIECEWISE_BEZIER_KNOTS.);
#4306 = CARTESIAN_POINT('',(55.0000006,7.2360679775));
#4307 = CARTESIAN_POINT('',(4.9999994,7.2360679775));
#4308 = ( GEOMETRIC_REPRESENTATION_CONTEXT(2) 
PARAMETRIC_REPRESENTATION_CONTEXT() REPRESENTATION_CONTEXT('2D SPACE',''
  ) );
#4309 = ORIENTED_EDGE('',*,*,#4310,.F.);
#4310 = EDGE_CURVE('',#4311,#4285,#4313,.T.);
#4311 = VERTEX_POINT('',#4312);
#4312 = CARTESIAN_POINT('',(25.,-2.2360679775,0.));
#4313 = SURFACE_CURVE('',#4314,(#4319,#4326),.PCURVE_S1.);
#4314 = CIRCLE('',#4315,3.);
#4315 = AXIS2_PLACEMENT_3D('',#4316,#4317,#4318);
#4316 = CARTESIAN_POINT('',(25.,0.,2.));
#4317 = DIRECTION('',(-1.,-0.,0.));
#4318 = DIRECTION('',(0.,-0.7453559925,-0.666666666667));
#4319 = PCURVE('',#4260,#4320);
#4320 = DEFINITIONAL_REPRESENTATION('',(#4321),#4325);
#4321 = LINE('',#4322,#4323);
#4322 = CARTESIAN_POINT('',(-10.15450561699,-50.));
#4323 = VECTOR('',#4324,1.);
#4324 = DIRECTION('',(1.,-0.));
#4325 = ( GEOMETRIC_REPRESENTATION_CONTEXT(2) 
PARAMETRIC_REPRESENTATION_CONTEXT() REPRESENTATION_CONTEXT('2D SPACE',''
  ) );
#4326 = PCURVE('',#4327,#4332);
#4327 = PLANE('',#4328);
#4328 = AXIS2_PLACEMENT_3D('',#4329,#4330,#4331);
#4329 = CARTESIAN_POINT('',(25.,-1.709300165674E-16,2.));
#4330 = DIRECTION('',(1.,0.,0.));
#4331 = DIRECTION('',(-0.,0.,1.));
#4332 = DEFINITIONAL_REPRESENTATION('',(#4333),#4341);
#4333 = ( BOUNDED_CURVE() B_SPLINE_CURVE(2,(#4334,#4335,#4336,#4337,
#4338,#4339,#4340),.UNSPECIFIED.,.T.,.F.) B_SPLINE_CURVE_WITH_KNOTS((1,2
    ,2,2,2,1),(-2.094395102393,0.,2.094395102393,4.188790204786,
6.28318530718,8.377580409573),.UNSPECIFIED.) CURVE() 
GEOMETRIC_REPRESENTATION_ITEM() RATIONAL_B_SPLINE_CURVE((1.,0.5,1.,0.5,
1.,0.5,1.)) REPRESENTATION_ITEM('') );
#4334 = CARTESIAN_POINT('',(-2.,2.2360679775));
#4335 = CARTESIAN_POINT('',(1.872983346207,5.700169592638));
#4336 = CARTESIAN_POINT('',(2.936491673104,0.614016818819));
#4337 = CARTESIAN_POINT('',(4.,-4.472135955));
#4338 = CARTESIAN_POINT('',(-0.936491673104,-2.850084796319));
#4339 = CARTESIAN_POINT('',(-5.872983346207,-1.228033637638));
#4340 = CARTESIAN_POINT('',(-2.,2.2360679775));
#4341 = ( GEOMETRIC_REPRESENTATION_CONTEXT(2) 
PARAMETRIC_REPRESENTATION_CONTEXT() REPRESENTATION_CONTEXT('2D SPACE',''
  ) );
#4342 = ORIENTED_EDGE('',*,*,#4343,.T.);
#4343 = EDGE_CURVE('',#4311,#4251,#4344,.T.);
#4344 = SURFACE_CURVE('',#4345,(#4349,#4355),.PCURVE_S1.);
#4345 = LINE('',#4346,#4347);
#4346 = CARTESIAN_POINT('',(-25.,-2.2360679775,0.));
#4347 = VECTOR('',#4348,1.);
#4348 = DIRECTION('',(-1.,-0.,-0.));
#4349 = PCURVE('',#4260,#4350);
#4350 = DEFINITIONAL_REPRESENTATION('',(#4351),#4354);
#4351 = B_SPLINE_CURVE_WITH_KNOTS('',1,(#4352,#4353),.UNSPECIFIED.,.F.,
  .F.,(2,2),(-50.,-0.),.PIECEWISE_BEZIER_KNOTS.);
#4352 = CARTESIAN_POINT('',(-10.15450561699,-50.));
#4353 = CARTESIAN_POINT('',(-10.15450561699,0.));
#4354 = ( GEOMETRIC_REPRESENTATION_CONTEXT(2) 
PARAMETRIC_REPRESENTATION_CONTEXT() REPRESENTATION_CONTEXT('2D SPACE',''
  ) );
#4355 = PCURVE('',#4299,#4356);
#4356 = DEFINITIONAL_REPRESENTATION('',(#4357),#4360);
#4357 = B_SPLINE_CURVE_WITH_KNOTS('',1,(#4358,#4359),.UNSPECIFIED.,.F.,
  .F.,(2,2),(-50.0000006,5.999999999062E-07),.PIECEWISE_BEZIER_KNOTS.);
#4358 = CARTESIAN_POINT('',(55.0000006,2.7639320225));
#4359 = CARTESIAN_POINT('',(4.9999994,2.7639320225));
#4360 = ( GEOMETRIC_REPRESENTATION_CONTEXT(2) 
PARAMETRIC_REPRESENTATION_CONTEXT() REPRESENTATION_CONTEXT('2D SPACE',''
  ) );
#4361 = ADVANCED_FACE('',(#4362),#4327,.T.);
#4362 = FACE_BOUND('',#4363,.T.);
#4363 = EDGE_LOOP('',(#4364,#4383));
#4364 = ORIENTED_EDGE('',*,*,#4365,.F.);
#4365 = EDGE_CURVE('',#4285,#4311,#4366,.T.);
#4366 = SURFACE_CURVE('',#4367,(#4371,#4377),.PCURVE_S1.);
#4367 = LINE('',#4368,#4369);
#4368 = CARTESIAN_POINT('',(25.,-2.5,0.));
#4369 = VECTOR('',#4370,1.);
#4370 = DIRECTION('',(0.,-1.,0.));
#4371 = PCURVE('',#4327,#4372);
#4372 = DEFINITIONAL_REPRESENTATION('',(#4373),#4376);
#4373 = B_SPLINE_CURVE_WITH_KNOTS('',1,(#4374,#4375),.UNSPECIFIED.,.F.,
  .F.,(2,2),(-5.5,0.5),.PIECEWISE_BEZIER_KNOTS.);
#4374 = CARTESIAN_POINT('',(-2.,-3.));
#4375 = CARTESIAN_POINT('',(-2.,3.));
#4376 = ( GEOMETRIC_REPRESENTATION_CONTEXT(2) 
PARAMETRIC_REPRESENTATION_CONTEXT() REPRESENTATION_CONTEXT('2D SPACE',''
  ) );
#4377 = PCURVE('',#4299,#4378);
#4378 = DEFINITIONAL_REPRESENTATION('',(#4379),#4382);
#4379 = B_SPLINE_CURVE_WITH_KNOTS('',1,(#4380,#4381),.UNSPECIFIED.,.F.,
  .F.,(2,2),(-5.5,0.5),.PIECEWISE_BEZIER_KNOTS.);
#4380 = CARTESIAN_POINT('',(55.,8.));
#4381 = CARTESIAN_POINT('',(55.,2.));
#4382 = ( GEOMETRIC_REPRESENTATION_CONTEXT(2) 
PARAMETRIC_REPRESENTATION_CONTEXT() REPRESENTATION_CONTEXT('2D SPACE',''
  ) );
#4383 = ORIENTED_EDGE('',*,*,#4310,.F.);
#4384 = ADVANCED_FACE('',(#4385),#4299,.F.);
#4385 = FACE_BOUND('',#4386,.F.);
#4386 = EDGE_LOOP('',(#4387,#4388,#4389,#4390));
#4387 = ORIENTED_EDGE('',*,*,#4343,.F.);
#4388 = ORIENTED_EDGE('',*,*,#4365,.F.);
#4389 = ORIENTED_EDGE('',*,*,#4284,.T.);
#4390 = ORIENTED_EDGE('',*,*,#4391,.T.);
#4391 = EDGE_CURVE('',#4249,#4251,#4392,.T.);
#4392 = SURFACE_CURVE('',#4393,(#4397,#4403),.PCURVE_S1.);
#4393 = LINE('',#4394,#4395);
#4394 = CARTESIAN_POINT('',(-25.,-2.5,0.));
#4395 = VECTOR('',#4396,1.);
#4396 = DIRECTION('',(0.,-1.,0.));
#4397 = PCURVE('',#4299,#4398);
#4398 = DEFINITIONAL_REPRESENTATION('',(#4399),#4402);
#4399 = B_SPLINE_CURVE_WITH_KNOTS('',1,(#4400,#4401),.UNSPECIFIED.,.F.,
  .F.,(2,2),(-5.5,0.5),.PIECEWISE_BEZIER_KNOTS.);
#4400 = CARTESIAN_POINT('',(5.,8.));
#4401 = CARTESIAN_POINT('',(5.,2.));
#4402 = ( GEOMETRIC_REPRESENTATION_CONTEXT(2) 
PARAMETRIC_REPRESENTATION_CONTEXT() REPRESENTATION_CONTEXT('2D SPACE',''
  ) );
#4403 = PCURVE('',#4272,#4404);
#4404 = DEFINITIONAL_REPRESENTATION('',(#4405),#4408);
#4405 = B_SPLINE_CURVE_WITH_KNOTS('',1,(#4406,#4407),.UNSPECIFIED.,.F.,
  .F.,(2,2),(-5.5,0.5),.PIECEWISE_BEZIER_KNOTS.);
#4406 = CARTESIAN_POINT('',(-2.,-3.));
#4407 = CARTESIAN_POINT('',(-2.,3.));
#4408 = ( GEOMETRIC_REPRESENTATION_CONTEXT(2) 
PARAMETRIC_REPRESENTATION_CONTEXT() REPRESENTATION_CONTEXT('2D SPACE',''
  ) );
#4409 = ADVANCED_FACE('',(#4410),#4272,.F.);
#4410 = FACE_BOUND('',#4411,.F.);
#4411 = EDGE_LOOP('',(#4412,#4413));
#4412 = ORIENTED_EDGE('',*,*,#4248,.T.);
#4413 = ORIENTED_EDGE('',*,*,#4391,.F.);
#4414 = ( GEOMETRIC_REPRESENTATION_CONTEXT(3) 
GLOBAL_UNCERTAINTY_ASSIGNED_CONTEXT((#4418)) 
GLOBAL_UNIT_ASSIGNED_CONTEXT((#4415,#4416,#4417)) REPRESENTATION_CONTEXT
('Context #1','3D Context with UNIT and UNCERTAINTY') );
#4415 = ( LENGTH_UNIT() NAMED_UNIT(*) SI_UNIT(.MILLI.,.METRE.) );
#4416 = ( NAMED_UNIT(*) PLANE_ANGLE_UNIT() SI_UNIT($,.RADIAN.) );
#4417 = ( NAMED_UNIT(*) SI_UNIT($,.STERADIAN.) SOLID_ANGLE_UNIT() );
#4418 = UNCERTAINTY_MEASURE_WITH_UNIT(LENGTH_MEASURE(2.E-07),#4415,
  'distance_accuracy_value','confusion accuracy');
#4419 = CONTEXT_DEPENDENT_SHAPE_REPRESENTATION(#4420,#4422);
#4420 = ( REPRESENTATION_RELATIONSHIP('','',#4241,#10) 
REPRESENTATION_RELATIONSHIP_WITH_TRANSFORMATION(#4421) 
SHAPE_REPRESENTATION_RELATIONSHIP() );
#4421 = ITEM_DEFINED_TRANSFORMATION('','',#11,#27);
#4422 = PRODUCT_DEFINITION_SHAPE('Placement','Placement of an item',
  #4423);
#4423 = NEXT_ASSEMBLY_USAGE_OCCURRENCE('4','Axle','',#5,#4236,$);
#4424 = PRODUCT_RELATED_PRODUCT_CATEGORY('part',$,(#4238));
#4425 = SHAPE_DEFINITION_REPRESENTATION(#4426,#4432);
#4426 = PRODUCT_DEFINITION_SHAPE('','',#4427);
#4427 = PRODUCT_DEFINITION('design','',#4428,#4431);
#4428 = PRODUCT_DEFINITION_FORMATION('','',#4429);
#4429 = PRODUCT('Knob','Knob','',(#4430));
#4430 = PRODUCT_CONTEXT('',#2,'mechanical');
#4431 = PRODUCT_DEFINITION_CONTEXT('part definition',#2,'design');
#4432 = ADVANCED_BREP_SHAPE_REPRESENTATION('',(#11,#4433),#4615);
#4433 = MANIFOLD_SOLID_BREP('',#4434);
#4434 = CLOSED_SHELL('',(#4435,#4523,#4601,#4608));
#4435 = ADVANCED_FACE('',(#4436),#4450,.T.);
#4436 = FACE_BOUND('',#4437,.F.);
#4437 = EDGE_LOOP('',(#4438,#4468,#4495,#4496));
#4438 = ORIENTED_EDGE('',*,*,#4439,.T.);
#4439 = EDGE_CURVE('',#4440,#4442,#4444,.T.);
#4440 = VERTEX_POINT('',#4441);
#4441 = CARTESIAN_POINT('',(4.,0.,0.));
#4442 = VERTEX_POINT('',#4443);
#4443 = CARTESIAN_POINT('',(4.,0.,16.));
#4444 = SEAM_CURVE('',#4445,(#4449,#4461),.PCURVE_S1.);
#4445 = LINE('',#4446,#4447);
#4446 = CARTESIAN_POINT('',(4.,0.,0.));
#4447 = VECTOR('',#4448,1.);
#4448 = DIRECTION('',(0.,0.,1.));
#4449 = PCURVE('',#4450,#4455);
#4450 = CYLINDRICAL_SURFACE('',#4451,4.);
#4451 = AXIS2_PLACEMENT_3D('',#4452,#4453,#4454);
#4452 = CARTESIAN_POINT('',(0.,0.,0.));
#4453 = DIRECTION('',(-0.,-0.,-1.));
#4454 = DIRECTION('',(1.,0.,0.));
#4455 = DEFINITIONAL_REPRESENTATION('',(#4456),#4460);
#4456 = LINE('',#4457,#4458);
#4457 = CARTESIAN_POINT('',(-0.,0.));
#4458 = VECTOR('',#4459,1.);
#4459 = DIRECTION('',(-0.,-1.));
#4460 = ( GEOMETRIC_REPRESENTATION_CONTEXT(2) 
PARAMETRIC_REPRESENTATION_CONTEXT() REPRESENTATION_CONTEXT('2D SPACE',''
  ) );
#4461 = PCURVE('',#4450,#4462);
#4462 = DEFINITIONAL_REPRESENTATION('',(#4463),#4467);
#4463 = LINE('',#4464,#4465);
#4464 = CARTESIAN_POINT('',(-6.28318530718,0.));
#4465 = VECTOR('',#4466,1.);
#4466 = DIRECTION('',(-0.,-1.));
#4467 = ( GEOMETRIC_REPRESENTATION_CONTEXT(2) 
PARAMETRIC_REPRESENTATION_CONTEXT() REPRESENTATION_CONTEXT('2D SPACE',''
  ) );
#4468 = ORIENTED_EDGE('',*,*,#4469,.T.);
#4469 = EDGE_CURVE('',#4442,#4442,#4470,.T.);
#4470 = SURFACE_CURVE('',#4471,(#4476,#4483),.PCURVE_S1.);
#4471 = CIRCLE('',#4472,4.);
#4472 = AXIS2_PLACEMENT_3D('',#4473,#4474,#4475);
#4473 = CARTESIAN_POINT('',(0.,0.,16.));
#4474 = DIRECTION('',(0.,0.,1.));
#4475 = DIRECTION('',(1.,0.,0.));
#4476 = PCURVE('',#4450,#4477);
#4477 = DEFINITIONAL_REPRESENTATION('',(#4478),#4482);
#4478 = LINE('',#4479,#4480);
#4479 = CARTESIAN_POINT('',(-0.,-16.));
#4480 = VECTOR('',#4481,1.);
#4481 = DIRECTION('',(-1.,0.));
#4482 = ( GEOMETRIC_REPRESENTATION_CONTEXT(2) 
PARAMETRIC_REPRESENTATION_CONTEXT() REPRESENTATION_CONTEXT('2D SPACE',''
  ) );
#4483 = PCURVE('',#4484,#4489);
#4484 = PLANE('',#4485);
#4485 = AXIS2_PLACEMENT_3D('',#4486,#4487,#4488);
#4486 = CARTESIAN_POINT('',(-2.563950248511E-16,3.49503809816E-16,16.));
#4487 = DIRECTION('',(0.,0.,1.));
#4488 = DIRECTION('',(1.,0.,-0.));
#4489 = DEFINITIONAL_REPRESENTATION('',(#4490),#4494);
#4490 = CIRCLE('',#4491,4.);
#4491 = AXIS2_PLACEMENT_2D('',#4492,#4493);
#4492 = CARTESIAN_POINT('',(2.563950248511E-16,-3.49503809816E-16));
#4493 = DIRECTION('',(1.,0.));
#4494 = ( GEOMETRIC_REPRESENTATION_CONTEXT(2) 
PARAMETRIC_REPRESENTATION_CONTEXT() REPRESENTATION_CONTEXT('2D SPACE',''
  ) );
#4495 = ORIENTED_EDGE('',*,*,#4439,.F.);
#4496 = ORIENTED_EDGE('',*,*,#4497,.F.);
#4497 = EDGE_CURVE('',#4440,#4440,#4498,.T.);
#4498 = SURFACE_CURVE('',#4499,(#4504,#4511),.PCURVE_S1.);
#4499 = CIRCLE('',#4500,4.);
#4500 = AXIS2_PLACEMENT_3D('',#4501,#4502,#4503);
#4501 = CARTESIAN_POINT('',(0.,0.,0.));
#4502 = DIRECTION('',(0.,0.,1.));
#4503 = DIRECTION('',(1.,0.,0.));
#4504 = PCURVE('',#4450,#4505);
#4505 = DEFINITIONAL_REPRESENTATION('',(#4506),#4510);
#4506 = LINE('',#4507,#4508);
#4507 = CARTESIAN_POINT('',(-0.,0.));
#4508 = VECTOR('',#4509,1.);
#4509 = DIRECTION('',(-1.,0.));
#4510 = ( GEOMETRIC_REPRESENTATION_CONTEXT(2) 
PARAMETRIC_REPRESENTATION_CONTEXT() REPRESENTATION_CONTEXT('2D SPACE',''
  ) );
#4511 = PCURVE('',#4512,#4517);
#4512 = PLANE('',#4513);
#4513 = AXIS2_PLACEMENT_3D('',#4514,#4515,#4516);
#4514 = CARTESIAN_POINT('',(-2.563950248511E-16,3.49503809816E-16,0.));
#4515 = DIRECTION('',(0.,0.,1.));
#4516 = DIRECTION('',(1.,0.,-0.));
#4517 = DEFINITIONAL_REPRESENTATION('',(#4518),#4522);
#4518 = CIRCLE('',#4519,4.);
#4519 = AXIS2_PLACEMENT_2D('',#4520,#4521);
#4520 = CARTESIAN_POINT('',(2.563950248511E-16,-3.49503809816E-16));
#4521 = DIRECTION('',(1.,0.));
#4522 = ( GEOMETRIC_REPRESENTATION_CONTEXT(2) 
PARAMETRIC_REPRESENTATION_CONTEXT() REPRESENTATION_CONTEXT('2D SPACE',''
  ) );
#4523 = ADVANCED_FACE('',(#4524),#4538,.F.);
#4524 = FACE_BOUND('',#4525,.T.);
#4525 = EDGE_LOOP('',(#4526,#4556,#4578,#4579));
#4526 = ORIENTED_EDGE('',*,*,#4527,.T.);
#4527 = EDGE_CURVE('',#4528,#4530,#4532,.T.);
#4528 = VERTEX_POINT('',#4529);
#4529 = CARTESIAN_POINT('',(1.15,1.110223024625E-16,0.));
#4530 = VERTEX_POINT('',#4531);
#4531 = CARTESIAN_POINT('',(1.15,1.110223024625E-16,16.));
#4532 = SEAM_CURVE('',#4533,(#4537,#4549),.PCURVE_S1.);
#4533 = LINE('',#4534,#4535);
#4534 = CARTESIAN_POINT('',(1.15,1.110223024625E-16,0.));
#4535 = VECTOR('',#4536,1.);
#4536 = DIRECTION('',(0.,0.,1.));
#4537 = PCURVE('',#4538,#4543);
#4538 = CYLINDRICAL_SURFACE('',#4539,1.15);
#4539 = AXIS2_PLACEMENT_3D('',#4540,#4541,#4542);
#4540 = CARTESIAN_POINT('',(1.887379141863E-14,1.110223024625E-16,0.));
#4541 = DIRECTION('',(-0.,-0.,-1.));
#4542 = DIRECTION('',(1.,0.,0.));
#4543 = DEFINITIONAL_REPRESENTATION('',(#4544),#4548);
#4544 = LINE('',#4545,#4546);
#4545 = CARTESIAN_POINT('',(-0.,0.));
#4546 = VECTOR('',#4547,1.);
#4547 = DIRECTION('',(-0.,-1.));
#4548 = ( GEOMETRIC_REPRESENTATION_CONTEXT(2) 
PARAMETRIC_REPRESENTATION_CONTEXT() REPRESENTATION_CONTEXT('2D SPACE',''
  ) );
#4549 = PCURVE('',#4538,#4550);
#4550 = DEFINITIONAL_REPRESENTATION('',(#4551),#4555);
#4551 = LINE('',#4552,#4553);
#4552 = CARTESIAN_POINT('',(-6.28318530718,0.));
#4553 = VECTOR('',#4554,1.);
#4554 = DIRECTION('',(-0.,-1.));
#4555 = ( GEOMETRIC_REPRESENTATION_CONTEXT(2) 
PARAMETRIC_REPRESENTATION_CONTEXT() REPRESENTATION_CONTEXT('2D SPACE',''
  ) );
#4556 = ORIENTED_EDGE('',*,*,#4557,.T.);
#4557 = EDGE_CURVE('',#4530,#4530,#4558,.T.);
#4558 = SURFACE_CURVE('',#4559,(#4564,#4571),.PCURVE_S1.);
#4559 = CIRCLE('',#4560,1.15);
#4560 = AXIS2_PLACEMENT_3D('',#4561,#4562,#4563);
#4561 = CARTESIAN_POINT('',(1.887379141863E-14,1.110223024625E-16,16.));
#4562 = DIRECTION('',(0.,0.,1.));
#4563 = DIRECTION('',(1.,0.,0.));
#4564 = PCURVE('',#4538,#4565);
#4565 = DEFINITIONAL_REPRESENTATION('',(#4566),#4570);
#4566 = LINE('',#4567,#4568);
#4567 = CARTESIAN_POINT('',(-0.,-16.));
#4568 = VECTOR('',#4569,1.);
#4569 = DIRECTION('',(-1.,0.));
#4570 = ( GEOMETRIC_REPRESENTATION_CONTEXT(2) 
PARAMETRIC_REPRESENTATION_CONTEXT() REPRESENTATION_CONTEXT('2D SPACE',''
  ) );
#4571 = PCURVE('',#4484,#4572);
#4572 = DEFINITIONAL_REPRESENTATION('',(#4573),#4577);
#4573 = CIRCLE('',#4574,1.15);
#4574 = AXIS2_PLACEMENT_2D('',#4575,#4576);
#4575 = CARTESIAN_POINT('',(1.913018644348E-14,-2.384815073535E-16));
#4576 = DIRECTION('',(1.,0.));
#4577 = ( GEOMETRIC_REPRESENTATION_CONTEXT(2) 
PARAMETRIC_REPRESENTATION_CONTEXT() REPRESENTATION_CONTEXT('2D SPACE',''
  ) );
#4578 = ORIENTED_EDGE('',*,*,#4527,.F.);
#4579 = ORIENTED_EDGE('',*,*,#4580,.F.);
#4580 = EDGE_CURVE('',#4528,#4528,#4581,.T.);
#4581 = SURFACE_CURVE('',#4582,(#4587,#4594),.PCURVE_S1.);
#4582 = CIRCLE('',#4583,1.15);
#4583 = AXIS2_PLACEMENT_3D('',#4584,#4585,#4586);
#4584 = CARTESIAN_POINT('',(1.887379141863E-14,1.110223024625E-16,0.));
#4585 = DIRECTION('',(0.,0.,1.));
#4586 = DIRECTION('',(1.,0.,0.));
#4587 = PCURVE('',#4538,#4588);
#4588 = DEFINITIONAL_REPRESENTATION('',(#4589),#4593);
#4589 = LINE('',#4590,#4591);
#4590 = CARTESIAN_POINT('',(-0.,0.));
#4591 = VECTOR('',#4592,1.);
#4592 = DIRECTION('',(-1.,0.));
#4593 = ( GEOMETRIC_REPRESENTATION_CONTEXT(2) 
PARAMETRIC_REPRESENTATION_CONTEXT() REPRESENTATION_CONTEXT('2D SPACE',''
  ) );
#4594 = PCURVE('',#4512,#4595);
#4595 = DEFINITIONAL_REPRESENTATION('',(#4596),#4600);
#4596 = CIRCLE('',#4597,1.15);
#4597 = AXIS2_PLACEMENT_2D('',#4598,#4599);
#4598 = CARTESIAN_POINT('',(1.913018644348E-14,-2.384815073535E-16));
#4599 = DIRECTION('',(1.,0.));
#4600 = ( GEOMETRIC_REPRESENTATION_CONTEXT(2) 
PARAMETRIC_REPRESENTATION_CONTEXT() REPRESENTATION_CONTEXT('2D SPACE',''
  ) );
#4601 = ADVANCED_FACE('',(#4602,#4605),#4512,.F.);
#4602 = FACE_BOUND('',#4603,.F.);
#4603 = EDGE_LOOP('',(#4604));
#4604 = ORIENTED_EDGE('',*,*,#4497,.T.);
#4605 = FACE_BOUND('',#4606,.F.);
#4606 = EDGE_LOOP('',(#4607));
#4607 = ORIENTED_EDGE('',*,*,#4580,.F.);
#4608 = ADVANCED_FACE('',(#4609,#4612),#4484,.T.);
#4609 = FACE_BOUND('',#4610,.T.);
#4610 = EDGE_LOOP('',(#4611));
#4611 = ORIENTED_EDGE('',*,*,#4469,.T.);
#4612 = FACE_BOUND('',#4613,.T.);
#4613 = EDGE_LOOP('',(#4614));
#4614 = ORIENTED_EDGE('',*,*,#4557,.F.);
#4615 = ( GEOMETRIC_REPRESENTATION_CONTEXT(3) 
GLOBAL_UNCERTAINTY_ASSIGNED_CONTEXT((#4619)) 
GLOBAL_UNIT_ASSIGNED_CONTEXT((#4616,#4617,#4618)) REPRESENTATION_CONTEXT
('Context #1','3D Context with UNIT and UNCERTAINTY') );
#4616 = ( LENGTH_UNIT() NAMED_UNIT(*) SI_UNIT(.MILLI.,.METRE.) );
#4617 = ( NAMED_UNIT(*) PLANE_ANGLE_UNIT() SI_UNIT($,.RADIAN.) );
#4618 = ( NAMED_UNIT(*) SI_UNIT($,.STERADIAN.) SOLID_ANGLE_UNIT() );
#4619 = UNCERTAINTY_MEASURE_WITH_UNIT(LENGTH_MEASURE(1.E-07),#4616,
  'distance_accuracy_value','confusion accuracy');
#4620 = CONTEXT_DEPENDENT_SHAPE_REPRESENTATION(#4621,#4623);
#4621 = ( REPRESENTATION_RELATIONSHIP('','',#4432,#10) 
REPRESENTATION_RELATIONSHIP_WITH_TRANSFORMATION(#4622) 
SHAPE_REPRESENTATION_RELATIONSHIP() );
#4622 = ITEM_DEFINED_TRANSFORMATION('','',#11,#31);
#4623 = PRODUCT_DEFINITION_SHAPE('Placement','Placement of an item',
  #4624);
#4624 = NEXT_ASSEMBLY_USAGE_OCCURRENCE('5','Knob','',#5,#4427,$);
#4625 = PRODUCT_RELATED_PRODUCT_CATEGORY('part',$,(#4429));
#4626 = MECHANICAL_DESIGN_GEOMETRIC_PRESENTATION_REPRESENTATION('',(
    #4627),#4223);
#4627 = STYLED_ITEM('color',(#4628),#3703);
#4628 = PRESENTATION_STYLE_ASSIGNMENT((#4629));
#4629 = SURFACE_STYLE_USAGE(.BOTH.,#4630);
#4630 = SURFACE_SIDE_STYLE('',(#4631));
#4631 = SURFACE_STYLE_FILL_AREA(#4632);
#4632 = FILL_AREA_STYLE('',(#4633));
#4633 = FILL_AREA_STYLE_COLOUR('',#4634);
#4634 = COLOUR_RGB('',0.930000003373,0.490000003723,0.190000001765);
#4635 = MECHANICAL_DESIGN_GEOMETRIC_PRESENTATION_REPRESENTATION('',(
    #4636),#4615);
#4636 = STYLED_ITEM('color',(#4637),#4433);
#4637 = PRESENTATION_STYLE_ASSIGNMENT((#4638));
#4638 = SURFACE_STYLE_USAGE(.BOTH.,#4639);
#4639 = SURFACE_SIDE_STYLE('',(#4640));
#4640 = SURFACE_STYLE_FILL_AREA(#4641);
#4641 = FILL_AREA_STYLE('',(#4642));
#4642 = FILL_AREA_STYLE_COLOUR('',#4634);
#4643 = MECHANICAL_DESIGN_GEOMETRIC_PRESENTATION_REPRESENTATION('',(
    #4644),#3684);
#4644 = STYLED_ITEM('color',(#4645),#398);
#4645 = PRESENTATION_STYLE_ASSIGNMENT((#4646));
#4646 = SURFACE_STYLE_USAGE(.BOTH.,#4647);
#4647 = SURFACE_SIDE_STYLE('',(#4648));
#4648 = SURFACE_STYLE_FILL_AREA(#4649);
#4649 = FILL_AREA_STYLE('',(#4650));
#4650 = FILL_AREA_STYLE_COLOUR('',#4634);
#4651 = MECHANICAL_DESIGN_GEOMETRIC_PRESENTATION_REPRESENTATION('',(
    #4652),#4414);
#4652 = STYLED_ITEM('color',(#4653),#4242);
#4653 = PRESENTATION_STYLE_ASSIGNMENT((#4654));
#4654 = SURFACE_STYLE_USAGE(.BOTH.,#4655);
#4655 = SURFACE_SIDE_STYLE('',(#4656));
#4656 = SURFACE_STYLE_FILL_AREA(#4657);
#4657 = FILL_AREA_STYLE('',(#4658));
#4658 = FILL_AREA_STYLE_COLOUR('',#4634);
#4659 = MECHANICAL_DESIGN_GEOMETRIC_PRESENTATION_REPRESENTATION('',(
    #4660),#379);
#4660 = STYLED_ITEM('color',(#4661),#49);
#4661 = PRESENTATION_STYLE_ASSIGNMENT((#4662));
#4662 = SURFACE_STYLE_USAGE(.BOTH.,#4663);
#4663 = SURFACE_SIDE_STYLE('',(#4664));
#4664 = SURFACE_STYLE_FILL_AREA(#4665);
#4665 = FILL_AREA_STYLE('',(#4666));
#4666 = FILL_AREA_STYLE_COLOUR('',#4667);
#4667 = COLOUR_RGB('',0.720000003324,0.740000011925,0.769999993182);
ENDSEC;
END-ISO-10303-21;
